issue.names	creat.date
GERONIMO-9	1061565624
GERONIMO-11	1061612472
GERONIMO-13	1061665608
GERONIMO-22	1061893177
GERONIMO-23	1061900495
GERONIMO-24	1061900852
GERONIMO-27	1061939428
GERONIMO-29	1061979243
GERONIMO-35	1062038205
GERONIMO-44	1062229361
GERONIMO-50	1062392628
GERONIMO-52	1062399936
GERONIMO-53	1062400311
GERONIMO-81	1063357438
GERONIMO-88	1064064524
GERONIMO-93	1064308022
GERONIMO-100	1065533126
GERONIMO-101	1065533567
GERONIMO-127	1071162160
GERONIMO-146	1074238604
GERONIMO-151	1075250945
GERONIMO-235	1084839495
GERONIMO-248	1087844616
GERONIMO-252	1087991325
GERONIMO-255	1088119319
GERONIMO-257	1088376441
GERONIMO-265	1089639957
GERONIMO-286	1092233050
GERONIMO-287	1092304773
GERONIMO-290	1094746858
GERONIMO-291	1094800005
GERONIMO-294	1095065497
GERONIMO-323	1096219717
GERONIMO-348	1096711705
GERONIMO-349	1096736954
GERONIMO-351	1096784986
GERONIMO-352	1096794505
GERONIMO-354	1096807305
GERONIMO-362	1096974008
GERONIMO-369	1097261812
GERONIMO-374	1097572033
GERONIMO-376	1097857175
GERONIMO-378	1097880529
GERONIMO-379	1097880677
GERONIMO-380	1097913299
GERONIMO-385	1098123928
GERONIMO-403	1098969839
GERONIMO-404	1098969958
GERONIMO-409	1099210615
GERONIMO-421	1099343285
GERONIMO-431	1099481092
GERONIMO-432	1099517782
GERONIMO-438	1099595459
GERONIMO-445	1099649247
GERONIMO-453	1099845656
GERONIMO-458	1099932789
GERONIMO-459	1099933114
GERONIMO-465	1100014541
GERONIMO-469	1100087539
GERONIMO-472	1100162633
GERONIMO-475	1100169100
GERONIMO-477	1100174393
GERONIMO-480	1100280791
GERONIMO-486	1100607713
GERONIMO-491	1101144756
GERONIMO-503	1101386501
GERONIMO-515	1102247552
GERONIMO-525	1102548927
GERONIMO-532	1104135428
GERONIMO-540	1105125588
GERONIMO-543	1105917248
GERONIMO-544	1106022709
GERONIMO-545	1106291175
GERONIMO-546	1106358240
GERONIMO-550	1106676115
GERONIMO-551	1106681633
GERONIMO-558	1106952363
GERONIMO-559	1107157284
GERONIMO-561	1107220710
GERONIMO-562	1107246646
GERONIMO-564	1107319792
GERONIMO-567	1107499223
GERONIMO-582	1108312754
GERONIMO-586	1108337398
GERONIMO-587	1108499574
GERONIMO-589	1108877590
GERONIMO-600	1109895805
GERONIMO-602	1110407904
GERONIMO-606	1110524601
GERONIMO-607	1110527460
GERONIMO-608	1110599093
GERONIMO-610	1110942947
GERONIMO-617	1111607359
GERONIMO-625	1112706734
GERONIMO-628	1113389390
GERONIMO-632	1113546162
GERONIMO-635	1114111103
GERONIMO-637	1114500633
GERONIMO-639	1114733856
GERONIMO-642	1115444922
GERONIMO-643	1115537892
GERONIMO-645	1115840213
GERONIMO-647	1116101670
GERONIMO-648	1116293251
GERONIMO-649	1116527459
GERONIMO-651	1116638109
GERONIMO-652	1116686208
GERONIMO-657	1117227737
GERONIMO-661	1117796905
GERONIMO-666	1118260168
GERONIMO-668	1118397961
GERONIMO-677	1118818964
GERONIMO-685	1119717940
GERONIMO-687	1120007139
GERONIMO-692	1120312892
GERONIMO-701	1120518690
GERONIMO-703	1120519112
GERONIMO-711	1120615237
GERONIMO-714	1120644623
GERONIMO-716	1120676055
GERONIMO-727	1120839848
GERONIMO-736	1121054240
GERONIMO-749	1121233595
GERONIMO-764	1121466481
GERONIMO-767	1121497796
GERONIMO-768	1121498269
GERONIMO-769	1121618014
GERONIMO-773	1121690375
GERONIMO-779	1121806077
GERONIMO-782	1121823400
GERONIMO-784	1121888670
GERONIMO-791	1121990913
GERONIMO-796	1122042058
GERONIMO-798	1122064165
GERONIMO-807	1122242421
GERONIMO-809	1122277854
GERONIMO-812	1122328974
GERONIMO-816	1122365522
GERONIMO-819	1122429193
GERONIMO-820	1122429550
GERONIMO-822	1122494109
GERONIMO-823	1122494325
GERONIMO-825	1122501706
GERONIMO-832	1122715378
GERONIMO-846	1123091836
GERONIMO-852	1123179079
GERONIMO-853	1123195381
GERONIMO-856	1123260866
GERONIMO-857	1123276554
GERONIMO-861	1123369394
GERONIMO-870	1123614709
GERONIMO-872	1123705216
GERONIMO-880	1124110203
GERONIMO-881	1124156847
GERONIMO-882	1124231855
GERONIMO-883	1124265549
GERONIMO-890	1124409865
GERONIMO-892	1124523244
GERONIMO-900	1124745144
GERONIMO-906	1124831457
GERONIMO-918	1125012647
GERONIMO-924	1125084566
GERONIMO-929	1125158779
GERONIMO-932	1125175538
GERONIMO-934	1125203328
GERONIMO-935	1125246236
GERONIMO-939	1125276022
GERONIMO-940	1125313793
GERONIMO-942	1125349211
GERONIMO-950	1125416315
GERONIMO-954	1125442031
GERONIMO-963	1125530471
GERONIMO-972	1125696805
GERONIMO-973	1125771247
GERONIMO-982	1126149718
GERONIMO-983	1126160202
GERONIMO-987	1126205478
GERONIMO-988	1126240495
GERONIMO-989	1126241746
GERONIMO-999	1126302674
GERONIMO-1000	1126317332
GERONIMO-1005	1126577230
GERONIMO-1006	1126585420
GERONIMO-1007	1126607353
GERONIMO-1008	1126629011
GERONIMO-1010	1126648969
GERONIMO-1012	1126731628
GERONIMO-1013	1126751621
GERONIMO-1017	1127190407
GERONIMO-1020	1127402109
GERONIMO-1021	1127506079
GERONIMO-1022	1127538371
GERONIMO-1024	1127750086
GERONIMO-1025	1127752046
GERONIMO-1027	1127895801
GERONIMO-1031	1128025298
GERONIMO-1032	1128025920
GERONIMO-1034	1128069921
GERONIMO-1036	1128198277
GERONIMO-1041	1128629633
GERONIMO-1042	1128651652
GERONIMO-1044	1128654237
GERONIMO-1047	1128671174
GERONIMO-1061	1129150517
GERONIMO-1063	1129213223
GERONIMO-1064	1129213630
GERONIMO-1065	1129214228
GERONIMO-1068	1129216157
GERONIMO-1070	1129303808
GERONIMO-1071	1129305230
GERONIMO-1072	1129313488
GERONIMO-1077	1129451068
GERONIMO-1089	1129672093
GERONIMO-1098	1129891738
GERONIMO-1100	1129931229
GERONIMO-1105	1130118679
GERONIMO-1108	1130167628
GERONIMO-1114	1130453840
GERONIMO-1116	1130485557
GERONIMO-1118	1130624647
GERONIMO-1125	1130951407
GERONIMO-1128	1130961101
GERONIMO-1131	1131099735
GERONIMO-1132	1131114409
GERONIMO-1135	1131234370
GERONIMO-1138	1131300116
GERONIMO-1140	1131313744
GERONIMO-1145	1131472792
GERONIMO-1150	1131579926
GERONIMO-1152	1131630731
GERONIMO-1158	1131664653
GERONIMO-1159	1131690946
GERONIMO-1160	1131722191
GERONIMO-1161	1131732301
GERONIMO-1162	1131746998
GERONIMO-1165	1131859403
GERONIMO-1171	1132015705
GERONIMO-1172	1132024583
GERONIMO-1175	1132037548
GERONIMO-1177	1132081634
GERONIMO-1181	1132128572
GERONIMO-1182	1132137977
GERONIMO-1184	1132139545
GERONIMO-1185	1132150398
GERONIMO-1186	1132154045
GERONIMO-1200	1132369374
GERONIMO-1201	1132377045
GERONIMO-1203	1132452847
GERONIMO-1205	1132465173
GERONIMO-1206	1132472992
GERONIMO-1207	1132476939
GERONIMO-1208	1132479888
GERONIMO-1209	1132479958
GERONIMO-1211	1132582540
GERONIMO-1218	1132674900
GERONIMO-1221	1132702819
GERONIMO-1225	1132758706
GERONIMO-1226	1132763429
GERONIMO-1229	1132876412
GERONIMO-1232	1132967027
GERONIMO-1249	1133333722
GERONIMO-1250	1133361342
GERONIMO-1251	1133361499
GERONIMO-1252	1133363205
GERONIMO-1253	1133365860
GERONIMO-1261	1133417948
GERONIMO-1262	1133443193
GERONIMO-1263	1133464564
GERONIMO-1266	1133495413
GERONIMO-1274	1133543628
GERONIMO-1285	1133669380
GERONIMO-1287	1133732084
GERONIMO-1295	1133854372
GERONIMO-1297	1133903613
GERONIMO-1299	1133904369
GERONIMO-1301	1133909409
GERONIMO-1304	1133923192
GERONIMO-1305	1133924984
GERONIMO-1308	1134016179
GERONIMO-1312	1134037266
GERONIMO-1313	1134062472
GERONIMO-1319	1134172492
GERONIMO-1320	1134173933
GERONIMO-1325	1134262350
GERONIMO-1331	1134332757
GERONIMO-1334	1134335795
GERONIMO-1337	1134362513
GERONIMO-1339	1134380515
GERONIMO-1340	1134385229
GERONIMO-1344	1134420730
GERONIMO-1345	1134422429
GERONIMO-1348	1134440238
GERONIMO-1350	1134504871
GERONIMO-1352	1134514396
GERONIMO-1358	1134542715
GERONIMO-1359	1134552585
GERONIMO-1360	1134559571
GERONIMO-1363	1134585501
GERONIMO-1373	1134686350
GERONIMO-1375	1134751495
GERONIMO-1379	1134778337
GERONIMO-1382	1134927856
GERONIMO-1385	1134949161
GERONIMO-1387	1134975661
GERONIMO-1388	1134990282
GERONIMO-1395	1135054463
GERONIMO-1409	1136096134
GERONIMO-1411	1136163741
GERONIMO-1413	1136314544
GERONIMO-1414	1136324597
GERONIMO-1416	1136346336
GERONIMO-1421	1136499976
GERONIMO-1425	1136585195
GERONIMO-1426	1136590028
GERONIMO-1435	1136769423
GERONIMO-1437	1136786977
GERONIMO-1440	1136805333
GERONIMO-1441	1136807520
GERONIMO-1443	1136841832
GERONIMO-1446	1136855370
GERONIMO-1447	1136910440
GERONIMO-1448	1136938843
GERONIMO-1450	1136955650
GERONIMO-1452	1136999605
GERONIMO-1455	1137021933
GERONIMO-1457	1137056835
GERONIMO-1463	1137115019
GERONIMO-1465	1137124942
GERONIMO-1467	1137164225
GERONIMO-1468	1137169653
GERONIMO-1473	1137286241
GERONIMO-1474	1137331585
GERONIMO-1477	1137383389
GERONIMO-1480	1137493066
GERONIMO-1490	1137580173
GERONIMO-1492	1137600671
GERONIMO-1498	1137685283
GERONIMO-1502	1137692947
GERONIMO-1505	1137710368
GERONIMO-1506	1137711024
GERONIMO-1510	1137738021
GERONIMO-1513	1137742054
GERONIMO-1517	1137771686
GERONIMO-1523	1137883658
GERONIMO-1541	1138228689
GERONIMO-1550	1138478616
GERONIMO-1566	1138780454
GERONIMO-1569	1138834681
GERONIMO-1570	1138842629
GERONIMO-1578	1138924052
GERONIMO-1580	1139072450
GERONIMO-1582	1139075433
GERONIMO-1585	1139161550
GERONIMO-1596	1139291211
GERONIMO-1603	1139436994
GERONIMO-1604	1139438070
GERONIMO-1609	1139440897
GERONIMO-1610	1139442232
GERONIMO-1612	1139445094
GERONIMO-1634	1140120091
GERONIMO-1635	1140224206
GERONIMO-1641	1140469860
GERONIMO-1643	1140543000
GERONIMO-1649	1140701268
GERONIMO-1657	1141073874
GERONIMO-1661	1141148749
GERONIMO-1670	1141304723
GERONIMO-1673	1141330150
GERONIMO-1676	1141332222
GERONIMO-1679	1141337679
GERONIMO-1683	1141391344
GERONIMO-1684	1141395673
GERONIMO-1688	1141486944
GERONIMO-1696	1141617961
GERONIMO-1699	1141661561
GERONIMO-1704	1141737466
GERONIMO-1743	1142288798
GERONIMO-1744	1142465715
GERONIMO-1745	1142466562
GERONIMO-1746	1142490870
GERONIMO-1756	1142908971
GERONIMO-1759	1143041440
GERONIMO-1761	1143083353
GERONIMO-1762	1143122426
GERONIMO-1765	1143217215
GERONIMO-1767	1143221731
GERONIMO-1769	1143222172
GERONIMO-1782	1143539025
GERONIMO-1784	1143565268
GERONIMO-1788	1143606236
GERONIMO-1790	1143650152
GERONIMO-1791	1143667660
GERONIMO-1802	1144164289
GERONIMO-1813	1144304757
GERONIMO-1817	1144410854
GERONIMO-1818	1144434813
GERONIMO-1822	1144604206
GERONIMO-1824	1144716068
GERONIMO-1830	1144816267
GERONIMO-1831	1144816316
GERONIMO-1833	1144846984
GERONIMO-1836	1144887988
GERONIMO-1840	1144916349
GERONIMO-1843	1144965356
GERONIMO-1847	1144993045
GERONIMO-1850	1145047567
GERONIMO-1851	1145047654
GERONIMO-1852	1145047749
GERONIMO-1854	1145058135
GERONIMO-1863	1145171212
GERONIMO-1867	1145404574
GERONIMO-1869	1145451440
GERONIMO-1871	1145481588
GERONIMO-1872	1145485353
GERONIMO-1875	1145511726
GERONIMO-1877	1145566692
GERONIMO-1878	1145577001
GERONIMO-1882	1145621348
GERONIMO-1887	1145641234
GERONIMO-1889	1145650517
GERONIMO-1891	1145651767
GERONIMO-1893	1145672407
GERONIMO-1896	1145713729
GERONIMO-1897	1145723665
GERONIMO-1899	1145819035
GERONIMO-1900	1145821925
GERONIMO-1903	1145896812
GERONIMO-1904	1145897273
GERONIMO-1916	1145994826
GERONIMO-1918	1146056605
GERONIMO-1923	1146094598
GERONIMO-1924	1146095145
GERONIMO-1927	1146153119
GERONIMO-1931	1146169196
GERONIMO-1932	1146170839
GERONIMO-1934	1146187021
GERONIMO-1935	1146187642
GERONIMO-1937	1146256976
GERONIMO-1940	1146268443
GERONIMO-1941	1146268547
GERONIMO-1945	1146336693
GERONIMO-1946	1146366171
GERONIMO-1949	1146445805
GERONIMO-1951	1146451712
GERONIMO-1957	1146498820
GERONIMO-1959	1146506882
GERONIMO-1964	1146533682
GERONIMO-1965	1146558464
GERONIMO-1966	1146594380
GERONIMO-1967	1146595047
GERONIMO-1969	1146603436
GERONIMO-1970	1146611889
GERONIMO-1974	1146670165
GERONIMO-1975	1146676640
GERONIMO-1977	1146689221
GERONIMO-1981	1146718235
GERONIMO-1986	1146757458
GERONIMO-1996	1147050317
GERONIMO-1997	1147059861
GERONIMO-1998	1147116448
GERONIMO-1999	1147120162
GERONIMO-2006	1147286367
GERONIMO-2008	1147297460
GERONIMO-2009	1147328201
GERONIMO-2010	1147349883
GERONIMO-2012	1147366823
GERONIMO-2013	1147385773
GERONIMO-2020	1147526205
GERONIMO-2024	1147656395
GERONIMO-2027	1147723827
GERONIMO-2031	1147837838
GERONIMO-2032	1147910419
GERONIMO-2033	1147911140
GERONIMO-2034	1147911514
GERONIMO-2035	1147912054
GERONIMO-2036	1147918020
GERONIMO-2039	1147945585
GERONIMO-2040	1147962302
GERONIMO-2042	1148054496
GERONIMO-2043	1148105154
GERONIMO-2047	1148319880
GERONIMO-2048	1148321730
GERONIMO-2049	1148347729
GERONIMO-2050	1148348123
GERONIMO-2051	1148348243
GERONIMO-2052	1148348462
GERONIMO-2054	1148457305
GERONIMO-2057	1148474602
GERONIMO-2058	1148474782
GERONIMO-2059	1148501296
GERONIMO-2061	1148522403
GERONIMO-2064	1148651036
GERONIMO-2068	1148920221
GERONIMO-2069	1149068932
GERONIMO-2070	1149069892
GERONIMO-2072	1149101032
GERONIMO-2076	1149252218
GERONIMO-2078	1149280619
GERONIMO-2083	1149458248
GERONIMO-2088	1149714202
GERONIMO-2089	1149715089
GERONIMO-2095	1149788155
GERONIMO-2096	1149827644
GERONIMO-2100	1149893212
GERONIMO-2104	1149951419
GERONIMO-2105	1149953355
GERONIMO-2108	1150131577
GERONIMO-2113	1150208071
GERONIMO-2114	1150221302
GERONIMO-2117	1150257606
GERONIMO-2125	1150378381
GERONIMO-2131	1150510369
GERONIMO-2134	1150645969
GERONIMO-2136	1150714185
GERONIMO-2138	1150741875
GERONIMO-2164	1151987502
GERONIMO-2171	1152304973
GERONIMO-2186	1152784076
GERONIMO-2194	1152914166
GERONIMO-2195	1153029595
GERONIMO-2197	1153090854
GERONIMO-2202	1153204806
GERONIMO-2208	1153390691
GERONIMO-2218	1153634359
GERONIMO-2222	1153717543
GERONIMO-2228	1153871322
GERONIMO-2234	1153992685
GERONIMO-2235	1153995825
GERONIMO-2236	1153998114
GERONIMO-2237	1153999416
GERONIMO-2241	1154096038
GERONIMO-2243	1154182307
GERONIMO-2245	1154185883
GERONIMO-2247	1154242304
GERONIMO-2252	1154338740
GERONIMO-2253	1154348708
GERONIMO-2256	1154401597
GERONIMO-2259	1154429179
GERONIMO-2260	1154432009
GERONIMO-2261	1154432707
GERONIMO-2269	1154592074
GERONIMO-2270	1154592509
GERONIMO-2271	1154594610
GERONIMO-2272	1154600041
GERONIMO-2274	1154673881
GERONIMO-2275	1154675903
GERONIMO-2278	1154740945
GERONIMO-2279	1154755562
GERONIMO-2280	1154758984
GERONIMO-2281	1154778503
GERONIMO-2283	1154784490
GERONIMO-2284	1154785309
GERONIMO-2285	1154788412
GERONIMO-2286	1154794111
GERONIMO-2293	1154966306
GERONIMO-2294	1154967441
GERONIMO-2295	1154970436
GERONIMO-2298	1154991092
GERONIMO-2302	1155047829
GERONIMO-2304	1155102359
GERONIMO-2305	1155122788
GERONIMO-2306	1155143274
GERONIMO-2308	1155174070
GERONIMO-2313	1155225131
GERONIMO-2314	1155239266
GERONIMO-2318	1155251517
GERONIMO-2325	1155656338
GERONIMO-2326	1155661193
GERONIMO-2327	1155675133
GERONIMO-2329	1155732682
GERONIMO-2330	1155824693
GERONIMO-2338	1156165201
GERONIMO-2341	1156213826
GERONIMO-2343	1156225382
GERONIMO-2346	1156245919
GERONIMO-2347	1156253279
GERONIMO-2348	1156330829
GERONIMO-2350	1156337542
GERONIMO-2352	1156344946
GERONIMO-2362	1156837610
GERONIMO-2373	1157090032
GERONIMO-2375	1157151543
GERONIMO-2377	1157352000
GERONIMO-2378	1157412386
GERONIMO-2385	1157612148
GERONIMO-2386	1157612901
GERONIMO-2389	1157729307
GERONIMO-2394	1158024248
GERONIMO-2395	1158043924
GERONIMO-2402	1158127216
GERONIMO-2404	1158128834
GERONIMO-2405	1158158978
GERONIMO-2408	1158322174
GERONIMO-2422	1158899396
GERONIMO-2425	1158911060
GERONIMO-2431	1159139678
GERONIMO-2437	1159344990
GERONIMO-2440	1159349857
GERONIMO-2442	1159359083
GERONIMO-2443	1159429951
GERONIMO-2445	1159446081
GERONIMO-2447	1159530284
GERONIMO-2453	1159589844
GERONIMO-2458	1159868437
GERONIMO-2465	1159948900
GERONIMO-2469	1160024946
GERONIMO-2471	1160088655
GERONIMO-2477	1160369225
GERONIMO-2479	1160398758
GERONIMO-2481	1160478535
GERONIMO-2482	1160482620
GERONIMO-2483	1160527062
GERONIMO-2484	1160572861
GERONIMO-2486	1160590569
GERONIMO-2491	1160658887
GERONIMO-2503	1161231581
GERONIMO-2504	1161233241
GERONIMO-2508	1161263847
GERONIMO-2509	1161270034
GERONIMO-2511	1161361689
GERONIMO-2513	1161607977
GERONIMO-2514	1161650944
GERONIMO-2519	1161835058
GERONIMO-2520	1161837825
GERONIMO-2521	1161856905
GERONIMO-2524	1161885104
GERONIMO-2529	1161995627
GERONIMO-2532	1162105048
GERONIMO-2533	1162185326
GERONIMO-2534	1162185662
GERONIMO-2539	1162396886
GERONIMO-2540	1162464071
GERONIMO-2546	1162791878
GERONIMO-2547	1162792455
GERONIMO-2548	1162799298
GERONIMO-2549	1162805156
GERONIMO-2551	1162809731
GERONIMO-2553	1162875538
GERONIMO-2555	1162969264
GERONIMO-2558	1163057804
GERONIMO-2560	1163390599
GERONIMO-2563	1163475309
GERONIMO-2565	1163492825
GERONIMO-2566	1163510541
GERONIMO-2567	1163512431
GERONIMO-2570	1163587435
GERONIMO-2571	1163598759
GERONIMO-2573	1163684574
GERONIMO-2580	1163847725
GERONIMO-2583	1163971532
GERONIMO-2584	1163989016
GERONIMO-2585	1163990631
GERONIMO-2586	1163998709
GERONIMO-2587	1164005558
GERONIMO-2588	1164018308
GERONIMO-2590	1164167586
GERONIMO-2591	1164178060
GERONIMO-2598	1164601442
GERONIMO-2599	1164614567
GERONIMO-2602	1164727727
GERONIMO-2603	1164727896
GERONIMO-2605	1164764572
GERONIMO-2609	1164938976
GERONIMO-2611	1164967478
GERONIMO-2615	1164992212
GERONIMO-2622	1165232293
GERONIMO-2624	1165253047
GERONIMO-2625	1165298990
GERONIMO-2626	1165304433
GERONIMO-2627	1165338131
GERONIMO-2630	1165403456
GERONIMO-2631	1165412943
GERONIMO-2632	1165422534
GERONIMO-2641	1165565229
GERONIMO-2642	1165823073
GERONIMO-2646	1165843343
GERONIMO-2650	1165913518
GERONIMO-2652	1165920313
GERONIMO-2654	1165933442
GERONIMO-2655	1165933589
GERONIMO-2656	1165974437
GERONIMO-2657	1166005887
GERONIMO-2668	1166302939
GERONIMO-2669	1166317098
GERONIMO-2674	1166612132
GERONIMO-2675	1166677992
GERONIMO-2680	1167644532
GERONIMO-2684	1167717686
GERONIMO-2685	1167735459
GERONIMO-2686	1167746376
GERONIMO-2687	1167746860
GERONIMO-2693	1167899169
GERONIMO-2695	1167924971
GERONIMO-2709	1168261263
GERONIMO-2713	1168330353
GERONIMO-2720	1168417693
GERONIMO-2722	1168432508
GERONIMO-2728	1168598047
GERONIMO-2732	1168809610
GERONIMO-2733	1168846875
GERONIMO-2740	1168951891
GERONIMO-2741	1168953597
GERONIMO-2744	1168970255
GERONIMO-2745	1168989530
GERONIMO-2746	1169039905
GERONIMO-2748	1169043192
GERONIMO-2749	1169048523
GERONIMO-2752	1169111476
GERONIMO-2763	1169292434
GERONIMO-2764	1169326662
GERONIMO-2769	1169479994
GERONIMO-2773	1169500839
GERONIMO-2774	1169502733
GERONIMO-2775	1169505049
GERONIMO-2780	1169673081
GERONIMO-2786	1170171790
GERONIMO-2788	1170248069
GERONIMO-2792	1170386935
GERONIMO-2793	1170429686
GERONIMO-2795	1170610328
GERONIMO-2797	1170625249
GERONIMO-2800	1170674463
GERONIMO-2809	1170828518
GERONIMO-2811	1170882889
GERONIMO-2813	1170940024
GERONIMO-2821	1171224653
GERONIMO-2823	1171252023
GERONIMO-2829	1171329963
GERONIMO-2831	1171366179
GERONIMO-2834	1171419062
GERONIMO-2838	1171483922
GERONIMO-2840	1171565916
GERONIMO-2841	1171568936
GERONIMO-2842	1171573443
GERONIMO-2851	1171895878
GERONIMO-2864	1172059168
GERONIMO-2873	1172141568
GERONIMO-2874	1172155474
GERONIMO-2875	1172165521
GERONIMO-2878	1172212257
GERONIMO-2880	1172223390
GERONIMO-2883	1172237678
GERONIMO-2885	1172302436
GERONIMO-2888	1172454933
GERONIMO-2898	1172624904
GERONIMO-2904	1172669011
GERONIMO-2905	1172675807
GERONIMO-2912	1172734129
GERONIMO-2915	1172746165
GERONIMO-2916	1172751444
GERONIMO-2917	1172753782
GERONIMO-2921	1172785603
GERONIMO-2925	1172844772
GERONIMO-2926	1172851177
GERONIMO-2928	1172975923
GERONIMO-2937	1173176686
GERONIMO-2939	1173284044
GERONIMO-2940	1173332638
GERONIMO-2941	1173360081
GERONIMO-2949	1173461642
GERONIMO-2950	1173518839
GERONIMO-2951	1173544813
GERONIMO-2955	1173686213
GERONIMO-2957	1173691482
GERONIMO-2961	1173789242
GERONIMO-2965	1173855472
GERONIMO-2974	1173922763
GERONIMO-2982	1174237469
GERONIMO-2983	1174272569
GERONIMO-2997	1174374463
GERONIMO-2999	1174379588
GERONIMO-3000	1174384633
GERONIMO-3001	1174463854
GERONIMO-3002	1174464786
GERONIMO-3005	1174592596
GERONIMO-3006	1174631044
GERONIMO-3008	1174637358
GERONIMO-3012	1174646989
GERONIMO-3015	1174657311
GERONIMO-3016	1174658300
GERONIMO-3017	1174670213
GERONIMO-3020	1174741349
GERONIMO-3025	1174837349
GERONIMO-3027	1174898696
GERONIMO-3032	1175000978
GERONIMO-3037	1175066731
GERONIMO-3042	1175151252
GERONIMO-3043	1175164149
GERONIMO-3044	1175193695
GERONIMO-3045	1175199316
GERONIMO-3047	1175246113
GERONIMO-3048	1175247306
GERONIMO-3051	1175253573
GERONIMO-3052	1175264251
GERONIMO-3053	1175281164
GERONIMO-3055	1175494241
GERONIMO-3056	1175519804
GERONIMO-3057	1175520279
GERONIMO-3065	1175751763
GERONIMO-3066	1175766939
GERONIMO-3070	1175821074
GERONIMO-3072	1175898966
GERONIMO-3073	1176024711
GERONIMO-3074	1176053077
GERONIMO-3082	1176150293
GERONIMO-3083	1176191321
GERONIMO-3085	1176201019
GERONIMO-3086	1176209194
GERONIMO-3087	1176210242
GERONIMO-3090	1176290566
GERONIMO-3091	1176290942
GERONIMO-3094	1176370140
GERONIMO-3097	1176406932
GERONIMO-3100	1176665787
GERONIMO-3102	1176721872
GERONIMO-3103	1176736563
GERONIMO-3107	1177004486
GERONIMO-3110	1177269461
GERONIMO-3112	1177386587
GERONIMO-3113	1177392803
GERONIMO-3114	1177409814
GERONIMO-3121	1177596664
GERONIMO-3128	1178023035
GERONIMO-3131	1178148133
GERONIMO-3132	1178148330
GERONIMO-3133	1178148462
GERONIMO-3134	1178148691
GERONIMO-3135	1178149888
GERONIMO-3136	1178185127
GERONIMO-3137	1178186648
GERONIMO-3138	1178189897
GERONIMO-3139	1178211201
GERONIMO-3140	1178279968
GERONIMO-3141	1178432961
GERONIMO-3142	1178433314
GERONIMO-3144	1178532215
GERONIMO-3145	1178598453
GERONIMO-3146	1178628375
GERONIMO-3147	1178640934
GERONIMO-3151	1178872922
GERONIMO-3153	1178887022
GERONIMO-3154	1178891522
GERONIMO-3155	1178903448
GERONIMO-3156	1179187583
GERONIMO-3165	1179320787
GERONIMO-3169	1179394866
GERONIMO-3170	1179396518
GERONIMO-3172	1179409345
GERONIMO-3173	1179411051
GERONIMO-3175	1179533725
GERONIMO-3176	1179563105
GERONIMO-3177	1179656205
GERONIMO-3179	1179763117
GERONIMO-3180	1179767277
GERONIMO-3181	1179775740
GERONIMO-3183	1179820867
GERONIMO-3185	1179940695
GERONIMO-3188	1180022324
GERONIMO-3189	1180029478
GERONIMO-3195	1180427793
GERONIMO-3196	1180439483
GERONIMO-3197	1180442602
GERONIMO-3198	1180587819
GERONIMO-3201	1180659913
GERONIMO-3203	1180679088
GERONIMO-3205	1180803780
GERONIMO-3206	1180803877
GERONIMO-3208	1180957090
GERONIMO-3209	1180960731
GERONIMO-3211	1180991256
GERONIMO-3212	1181012306
GERONIMO-3213	1181014153
GERONIMO-3215	1181123910
GERONIMO-3226	1181208587
GERONIMO-3229	1181236095
GERONIMO-3230	1181237029
GERONIMO-3231	1181253299
GERONIMO-3236	1181548855
GERONIMO-3238	1181570755
GERONIMO-3242	1181687373
GERONIMO-3248	1181903503
GERONIMO-3250	1182211540
GERONIMO-3251	1182232931
GERONIMO-3259	1182743312
GERONIMO-3260	1182763869
GERONIMO-3262	1182775800
GERONIMO-3263	1182852303
GERONIMO-3268	1182985616
GERONIMO-3269	1182995326
GERONIMO-3270	1183018207
GERONIMO-3273	1183080974
GERONIMO-3307	1184105750
GERONIMO-3311	1184209126
GERONIMO-3312	1184211738
GERONIMO-3317	1184289929
GERONIMO-3318	1184293965
GERONIMO-3320	1184315106
GERONIMO-3321	1184355445
GERONIMO-3324	1184568327
GERONIMO-3326	1184615414
GERONIMO-3329	1184667292
GERONIMO-3331	1184688911
GERONIMO-3333	1184809847
GERONIMO-3338	1184929190
GERONIMO-3339	1184942232
GERONIMO-3340	1184949146
GERONIMO-3341	1185180306
GERONIMO-3349	1185359752
GERONIMO-3350	1185361814
GERONIMO-3351	1185362971
GERONIMO-3354	1185440733
GERONIMO-3355	1185442989
GERONIMO-3358	1185459834
GERONIMO-3360	1185528597
GERONIMO-3361	1185696116
GERONIMO-3362	1185764248
GERONIMO-3365	1185972577
GERONIMO-3366	1185986768
GERONIMO-3368	1186032498
GERONIMO-3369	1186034366
GERONIMO-3374	1186105656
GERONIMO-3375	1186118771
GERONIMO-3376	1186148394
GERONIMO-3380	1186379019
GERONIMO-3383	1186441187
GERONIMO-3385	1186479660
GERONIMO-3386	1186511530
GERONIMO-3387	1186513682
GERONIMO-3388	1186520949
GERONIMO-3390	1186567356
GERONIMO-3393	1186728747
GERONIMO-3400	1186767611
GERONIMO-3404	1187009775
GERONIMO-3405	1187010240
GERONIMO-3406	1187012700
GERONIMO-3407	1187019940
GERONIMO-3409	1187068429
GERONIMO-3410	1187076782
GERONIMO-3411	1187095528
GERONIMO-3412	1187114806
GERONIMO-3414	1187177535
GERONIMO-3415	1187182024
GERONIMO-3420	1187270802
GERONIMO-3421	1187360014
GERONIMO-3426	1187644223
GERONIMO-3435	1187733479
GERONIMO-3437	1187781685
GERONIMO-3439	1187833779
GERONIMO-3446	1188287678
GERONIMO-3451	1188551029
GERONIMO-3455	1188987213
GERONIMO-3456	1189057385
GERONIMO-3458	1189064115
GERONIMO-3459	1189075497
GERONIMO-3465	1189427962
GERONIMO-3469	1189590528
GERONIMO-3472	1189676363
GERONIMO-3473	1190005081
GERONIMO-3475	1190009347
GERONIMO-3478	1190130478
GERONIMO-3480	1190226638
GERONIMO-3481	1190237437
GERONIMO-3484	1190665110
GERONIMO-3485	1190682187
GERONIMO-3489	1190821536
GERONIMO-3494	1191244372
GERONIMO-3495	1191326816
GERONIMO-3499	1191410535
GERONIMO-3502	1191497153
GERONIMO-3503	1191515134
GERONIMO-3514	1191755177
GERONIMO-3523	1191933556
GERONIMO-3528	1191960392
GERONIMO-3529	1191997774
GERONIMO-3531	1192174631
GERONIMO-3543	1192999893
GERONIMO-3546	1193119325
GERONIMO-3559	1193439917
GERONIMO-3562	1193656584
GERONIMO-3563	1193669088
GERONIMO-3583	1194000353
GERONIMO-3584	1194217922
GERONIMO-3596	1194709105
GERONIMO-3598	1194875783
GERONIMO-3599	1194928777
GERONIMO-3601	1194933090
GERONIMO-3603	1195121798
GERONIMO-3609	1195502789
GERONIMO-3611	1195523212
GERONIMO-3620	1195608612
GERONIMO-3624	1195629092
GERONIMO-3627	1195868780
GERONIMO-3634	1196163058
GERONIMO-3640	1196219387
GERONIMO-3644	1196238920
GERONIMO-3648	1196296518
GERONIMO-3667	1196691797
GERONIMO-3670	1196762631
GERONIMO-3671	1196766054
GERONIMO-3672	1196775473
GERONIMO-3687	1197026527
GERONIMO-3690	1197239046
GERONIMO-3692	1197272556
GERONIMO-3694	1197321914
GERONIMO-3695	1197326383
GERONIMO-3697	1197347670
GERONIMO-3698	1197355560
GERONIMO-3699	1197368321
GERONIMO-3701	1197383029
GERONIMO-3705	1197580035
GERONIMO-3710	1197853353
GERONIMO-3712	1197958967
GERONIMO-3713	1198061527
GERONIMO-3714	1198073331
GERONIMO-3719	1198421754
GERONIMO-3721	1198679747
GERONIMO-3722	1199048658
GERONIMO-3723	1199049227
GERONIMO-3724	1199049562
GERONIMO-3729	1199354583
GERONIMO-3731	1199454562
GERONIMO-3733	1199464848
GERONIMO-3734	1199651259
GERONIMO-3740	1199835692
GERONIMO-3741	1199837487
GERONIMO-3742	1199899053
GERONIMO-3743	1199967629
GERONIMO-3745	1199974732
GERONIMO-3746	1199975566
GERONIMO-3747	1200002952
GERONIMO-3748	1200266794
GERONIMO-3750	1200386742
GERONIMO-3752	1200446337
GERONIMO-3753	1200470830
GERONIMO-3754	1200489141
GERONIMO-3757	1200569566
GERONIMO-3763	1200701710
GERONIMO-3764	1200713693
GERONIMO-3767	1200748377
GERONIMO-3768	1200822632
GERONIMO-3769	1200823715
GERONIMO-3772	1200857376
GERONIMO-3773	1200906510
GERONIMO-3775	1200923174
GERONIMO-3776	1200961502
GERONIMO-3779	1201082118
GERONIMO-3780	1201135183
GERONIMO-3781	1201137538
GERONIMO-3782	1201165415
GERONIMO-3783	1201168649
GERONIMO-3784	1201184514
GERONIMO-3786	1201200333
GERONIMO-3787	1201242595
GERONIMO-3789	1201275778
GERONIMO-3791	1201442647
GERONIMO-3793	1201459672
GERONIMO-3803	1201882755
GERONIMO-3804	1201883075
GERONIMO-3805	1201914391
GERONIMO-3806	1202130707
GERONIMO-3807	1202150903
GERONIMO-3808	1202151440
GERONIMO-3809	1202152958
GERONIMO-3810	1202154179
GERONIMO-3814	1202206805
GERONIMO-3826	1202374451
GERONIMO-3827	1202376808
GERONIMO-3829	1202381379
GERONIMO-3830	1202384493
GERONIMO-3831	1202390725
GERONIMO-3833	1202488470
GERONIMO-3834	1202509878
GERONIMO-3836	1202666719
GERONIMO-3881	1202686210
GERONIMO-3837	1202728374
GERONIMO-3838	1202730836
GERONIMO-3840	1202778498
GERONIMO-3841	1202778776
GERONIMO-3842	1202875682
GERONIMO-3843	1202886651
GERONIMO-3845	1202903451
GERONIMO-3847	1202931160
GERONIMO-3850	1202958329
GERONIMO-3853	1202982492
GERONIMO-3854	1202983810
GERONIMO-3855	1202985736
GERONIMO-3864	1203379010
GERONIMO-3865	1203447472
GERONIMO-3866	1203513967
GERONIMO-3867	1203514082
GERONIMO-3869	1203593143
GERONIMO-3873	1203681605
GERONIMO-3875	1203846404
GERONIMO-3879	1204083507
GERONIMO-3880	1204134512
GERONIMO-3882	1204179012
GERONIMO-3883	1204186574
GERONIMO-3887	1204277887
GERONIMO-3891	1204509655
GERONIMO-3893	1204538943
GERONIMO-3896	1204681420
GERONIMO-3897	1204737096
GERONIMO-3899	1204883428
GERONIMO-3901	1204897701
GERONIMO-3902	1205142052
GERONIMO-3906	1205225447
GERONIMO-3913	1205380074
GERONIMO-3921	1205494045
GERONIMO-3924	1205743619
GERONIMO-3927	1205761418
GERONIMO-3930	1205863105
GERONIMO-3935	1205997596
GERONIMO-3937	1206104635
GERONIMO-3939	1206437020
GERONIMO-3944	1206889621
GERONIMO-3955	1207630542
GERONIMO-3965	1208440037
GERONIMO-3966	1208457812
GERONIMO-3970	1208736215
GERONIMO-3971	1208737230
GERONIMO-3972	1208737744
GERONIMO-3974	1208738588
GERONIMO-3976	1208739502
GERONIMO-3977	1208748393
GERONIMO-3984	1208948408
GERONIMO-3990	1209271332
GERONIMO-3993	1209407025
GERONIMO-3994	1209408751
GERONIMO-3995	1209429671
GERONIMO-3999	1209509073
GERONIMO-4001	1209522169
GERONIMO-4008	1210278648
GERONIMO-4014	1210694713
GERONIMO-4016	1210703869
GERONIMO-4017	1210738683
GERONIMO-4020	1210813974
GERONIMO-4024	1211054437
GERONIMO-4025	1211065662
GERONIMO-4027	1211075405
GERONIMO-4036	1211235639
GERONIMO-4037	1211264852
GERONIMO-4039	1211360023
GERONIMO-4070	1211456821
GERONIMO-4072	1211479119
GERONIMO-4075	1211653235
GERONIMO-4081	1211766775
GERONIMO-4082	1211859842
GERONIMO-4086	1211884573
GERONIMO-4088	1211961839
GERONIMO-4090	1212055356
GERONIMO-4092	1212403481
GERONIMO-4093	1212407187
GERONIMO-4095	1212461395
GERONIMO-4096	1212463404
GERONIMO-4099	1212593557
GERONIMO-4101	1212681574
GERONIMO-4103	1212691175
GERONIMO-4109	1212764847
GERONIMO-4110	1212907654
GERONIMO-4111	1213008395
GERONIMO-4113	1213170812
GERONIMO-4114	1213180051
GERONIMO-4116	1213431115
GERONIMO-4119	1213661834
GERONIMO-4123	1213707768
GERONIMO-4124	1213717828
GERONIMO-4131	1213792298
GERONIMO-4141	1213925514
GERONIMO-4155	1214229070
GERONIMO-4166	1214541134
GERONIMO-4169	1214565739
GERONIMO-4175	1214815740
GERONIMO-4177	1214842505
GERONIMO-4178	1214919033
GERONIMO-4182	1215086769
GERONIMO-4185	1215465409
GERONIMO-4201	1215954189
GERONIMO-4204	1216002783
GERONIMO-4208	1216036665
GERONIMO-4209	1216367277
GERONIMO-4210	1216524900
GERONIMO-4215	1216902240
GERONIMO-4217	1216965968
GERONIMO-4218	1216969470
GERONIMO-4224	1217430617
GERONIMO-4226	1217872280
GERONIMO-4227	1217880860
GERONIMO-4229	1218023540
GERONIMO-4231	1218144166
GERONIMO-4233	1218448439
GERONIMO-4239	1218581895
GERONIMO-4245	1218699916
GERONIMO-4251	1218757995
GERONIMO-4258	1219316736
GERONIMO-4262	1219645950
GERONIMO-4266	1219750348
GERONIMO-4276	1220360209
GERONIMO-4285	1220819075
GERONIMO-4286	1220897953
GERONIMO-4291	1220957643
GERONIMO-4292	1220967628
GERONIMO-4293	1220990694
GERONIMO-4299	1221142974
GERONIMO-4300	1221292720
GERONIMO-4304	1221471084
GERONIMO-4305	1221516070
GERONIMO-4306	1221529553
GERONIMO-4308	1221632544
GERONIMO-4309	1221643423
GERONIMO-4311	1221759287
GERONIMO-4312	1221901795
GERONIMO-4317	1222114543
GERONIMO-4318	1222154418
GERONIMO-4323	1222332903
GERONIMO-4326	1222686349
GERONIMO-4346	1223549185
GERONIMO-4356	1223968664
GERONIMO-4361	1224062790
GERONIMO-4369	1224402905
GERONIMO-4375	1224665984
GERONIMO-4377	1224788738
GERONIMO-4378	1224885869
GERONIMO-4387	1225401751
GERONIMO-4389	1225410886
GERONIMO-4395	1225918863
GERONIMO-4399	1226033277
GERONIMO-4404	1226060176
GERONIMO-4405	1226357187
GERONIMO-4407	1226512580
GERONIMO-4411	1226641904
GERONIMO-4415	1226928495
GERONIMO-4416	1226963050
GERONIMO-4420	1227036311
GERONIMO-4422	1227254442
GERONIMO-4427	1227408009
GERONIMO-4428	1227482202
GERONIMO-4436	1228179909
GERONIMO-4440	1228266345
GERONIMO-4441	1228269590
GERONIMO-4442	1228286980
GERONIMO-4450	1228440776
GERONIMO-4452	1228752295
GERONIMO-4454	1228825247
GERONIMO-4456	1228835564
GERONIMO-4458	1228892784
GERONIMO-4459	1228895908
GERONIMO-4464	1228986239
GERONIMO-4467	1229294789
GERONIMO-4468	1229317095
GERONIMO-4469	1229360770
GERONIMO-4472	1229476167
GERONIMO-4473	1229538196
GERONIMO-4479	1229974642
GERONIMO-4480	1229987759
GERONIMO-4486	1230600030
GERONIMO-4487	1230680412
GERONIMO-4488	1231017905
GERONIMO-4489	1231025518
GERONIMO-4491	1231027575
GERONIMO-4495	1231195096
GERONIMO-4496	1231244917
GERONIMO-4497	1231245355
GERONIMO-4498	1231289334
GERONIMO-4501	1231318241
GERONIMO-4503	1231456997
GERONIMO-4518	1232068132
GERONIMO-4522	1232729258
GERONIMO-4525	1233616778
GERONIMO-4526	1233660366
GERONIMO-4528	1233876241
GERONIMO-4530	1233899341
GERONIMO-4533	1234168806
GERONIMO-4534	1234220147
GERONIMO-4539	1234921788
GERONIMO-4544	1235004485
GERONIMO-4545	1235008358
GERONIMO-4546	1235066871
GERONIMO-4547	1235092640
GERONIMO-4550	1235420515
GERONIMO-4553	1235469192
GERONIMO-4554	1235671460
GERONIMO-4555	1235674399
GERONIMO-4556	1235684405
GERONIMO-4558	1235713646
GERONIMO-4561	1235951251
GERONIMO-4562	1235957652
GERONIMO-4566	1236126250
GERONIMO-4570	1236189767
GERONIMO-4574	1236290053
GERONIMO-4579	1236623796
GERONIMO-4588	1237233077
GERONIMO-4589	1237248996
GERONIMO-4597	1237527477
GERONIMO-4599	1237713842
GERONIMO-4600	1237744491
GERONIMO-4603	1237945683
GERONIMO-4605	1238369099
GERONIMO-4609	1238613100
GERONIMO-4610	1238633800
GERONIMO-4620	1239858705
GERONIMO-4621	1239924963
GERONIMO-4623	1241598678
GERONIMO-4625	1242239799
GERONIMO-4633	1242352452
GERONIMO-4635	1242759589
GERONIMO-4638	1242784889
GERONIMO-4640	1242868030
GERONIMO-4641	1242868617
GERONIMO-4643	1242999878
GERONIMO-4645	1243087862
GERONIMO-4652	1243453258
GERONIMO-4654	1243453647
GERONIMO-4656	1243454045
GERONIMO-4659	1243514329
GERONIMO-4661	1243662345
GERONIMO-4662	1243811314
GERONIMO-4664	1243885989
GERONIMO-4667	1243900459
GERONIMO-4669	1243980957
GERONIMO-4676	1244163283
GERONIMO-4677	1244163585
GERONIMO-4682	1244586123
GERONIMO-4685	1244762928
GERONIMO-4687	1245025024
GERONIMO-4698	1245370677
GERONIMO-4700	1245398883
GERONIMO-4706	1245723243
GERONIMO-4713	1245964543
GERONIMO-4714	1245964676
GERONIMO-4720	1246252543
GERONIMO-4722	1246353821
GERONIMO-4726	1246526364
GERONIMO-4732	1247092522
GERONIMO-4733	1247103101
GERONIMO-4736	1247173760
GERONIMO-4740	1247234084
GERONIMO-4742	1247529132
GERONIMO-4746	1247616290
GERONIMO-4747	1247693403
GERONIMO-4748	1247702604
GERONIMO-4752	1247734954
GERONIMO-4753	1247757223
GERONIMO-4754	1247793578
GERONIMO-4756	1248078405
GERONIMO-4757	1248128542
GERONIMO-4758	1248138874
GERONIMO-4766	1248645745
GERONIMO-4769	1248821843
GERONIMO-4772	1248922857
GERONIMO-4773	1248930741
GERONIMO-4776	1248935647
GERONIMO-4777	1248941405
GERONIMO-4778	1248962657
GERONIMO-4779	1248980469
GERONIMO-4780	1249035920
GERONIMO-4782	1249392019
GERONIMO-4784	1249426093
GERONIMO-4785	1249448928
GERONIMO-4786	1249486587
GERONIMO-4788	1249722661
GERONIMO-4791	1249940388
GERONIMO-4792	1250036570
GERONIMO-4793	1250185538
GERONIMO-4796	1250461267
GERONIMO-4798	1250551627
GERONIMO-4801	1250621125
GERONIMO-4802	1250630716
GERONIMO-4803	1250632076
GERONIMO-4811	1251077971
GERONIMO-4812	1251136662
GERONIMO-4813	1251227525
GERONIMO-4814	1251241981
GERONIMO-4816	1251247626
GERONIMO-4822	1251415167
GERONIMO-4825	1251423459
GERONIMO-4826	1251670596
GERONIMO-4829	1251763280
GERONIMO-4835	1251839746
GERONIMO-4838	1251850710
GERONIMO-4844	1251942420
GERONIMO-4849	1252265454
GERONIMO-4851	1252290639
GERONIMO-4853	1252307990
GERONIMO-4854	1252352458
GERONIMO-4856	1252435279
GERONIMO-4858	1252476618
GERONIMO-4859	1252531685
GERONIMO-4863	1252606409
GERONIMO-4868	1252828464
GERONIMO-4869	1252829493
GERONIMO-4873	1252891072
GERONIMO-4875	1252954785
GERONIMO-4876	1252963361
GERONIMO-4877	1252966670
GERONIMO-4879	1253055930
GERONIMO-4882	1253212485
GERONIMO-4884	1253236740
GERONIMO-4885	1253281867
GERONIMO-4886	1253553995
GERONIMO-4890	1253647444
GERONIMO-4891	1253666560
GERONIMO-4896	1253887267
GERONIMO-4903	1255325858
GERONIMO-4928	1256301869
GERONIMO-4941	1256870094
GERONIMO-4945	1257208221
GERONIMO-4953	1258387792
GERONIMO-4968	1259778259
GERONIMO-4997	1261527056
GERONIMO-5032	1263507199
GERONIMO-5055	1264762177
GERONIMO-5135	1265588900
GERONIMO-5146	1266201098
GERONIMO-5147	1266277568
GERONIMO-5150	1266510885
GERONIMO-5151	1266527986
GERONIMO-5152	1266581137
GERONIMO-5155	1266918607
GERONIMO-5161	1267446803
GERONIMO-5167	1267652663
GERONIMO-5176	1268152961
GERONIMO-5177	1268164517
GERONIMO-5189	1268819934
GERONIMO-5195	1269179354
GERONIMO-5208	1269821172
GERONIMO-5210	1269854871
GERONIMO-5211	1269857760
GERONIMO-5213	1269859611
GERONIMO-5214	1269879203
GERONIMO-5231	1270555217
GERONIMO-5249	1270744414
GERONIMO-5274	1272272811
GERONIMO-5279	1272528494
GERONIMO-5280	1272623183
GERONIMO-5283	1272952621
GERONIMO-5284	1272958471
GERONIMO-5285	1272958936
GERONIMO-5286	1273051989
GERONIMO-5287	1273192514
GERONIMO-5288	1273215303
GERONIMO-5290	1273313453
GERONIMO-5292	1273450594
GERONIMO-5294	1273525414
GERONIMO-5295	1273525562
GERONIMO-5298	1273613583
GERONIMO-5299	1273618946
GERONIMO-5302	1273630260
GERONIMO-5303	1273650661
GERONIMO-5305	1273723134
GERONIMO-5310	1274079663
GERONIMO-5311	1274079833
GERONIMO-5321	1274151403
GERONIMO-5322	1274173152
GERONIMO-5324	1274220477
GERONIMO-5325	1274230208
GERONIMO-5330	1274385877
GERONIMO-5333	1274530297
GERONIMO-5334	1274530852
GERONIMO-5335	1274531000
GERONIMO-5336	1274531292
GERONIMO-5337	1274531609
GERONIMO-5346	1274744873
GERONIMO-5347	1274745205
GERONIMO-5368	1275846607
GERONIMO-5374	1275984330
GERONIMO-5382	1276391701
GERONIMO-5384	1277021058
GERONIMO-5392	1277203962
GERONIMO-5396	1277266670
GERONIMO-5397	1277274292
GERONIMO-5400	1277334038
GERONIMO-5401	1277342560
GERONIMO-5404	1277414611
GERONIMO-5407	1277575343
GERONIMO-5408	1277650572
GERONIMO-5409	1277674050
GERONIMO-5410	1277680684
GERONIMO-5422	1277974679
GERONIMO-5423	1277998347
GERONIMO-5424	1278037258
GERONIMO-5432	1278403467
GERONIMO-5436	1278470423
GERONIMO-5438	1278510944
GERONIMO-5468	1280089081
GERONIMO-5476	1280210523
GERONIMO-5480	1280351675
GERONIMO-5483	1280357055
GERONIMO-5487	1280446260
GERONIMO-5491	1280702916
GERONIMO-5501	1280839109
GERONIMO-5503	1280937631
GERONIMO-5506	1280961107
GERONIMO-5508	1281055349
GERONIMO-5511	1281306273
GERONIMO-5514	1281388066
GERONIMO-5515	1281393347
GERONIMO-5518	1281431118
GERONIMO-5520	1281462698
GERONIMO-5521	1281508033
GERONIMO-5531	1281913558
GERONIMO-5536	1281996497
GERONIMO-5539	1282168545
GERONIMO-5540	1282181622
GERONIMO-5544	1282509010
GERONIMO-5546	1282511798
GERONIMO-5548	1282591529
GERONIMO-5549	1282603174
GERONIMO-5555	1282817536
GERONIMO-5556	1282827480
GERONIMO-5557	1282865662
GERONIMO-5560	1283090893
GERONIMO-5561	1283120422
GERONIMO-5563	1283140733
GERONIMO-5567	1283268390
GERONIMO-5568	1283296363
GERONIMO-5575	1283723086
GERONIMO-5578	1283850689
GERONIMO-5579	1283884080
GERONIMO-5590	1283985118
GERONIMO-5601	1284057179
GERONIMO-5603	1284189821
GERONIMO-5604	1284323127
GERONIMO-5606	1284384560
GERONIMO-5607	1284425309
GERONIMO-5608	1284427023
GERONIMO-5611	1284583903
GERONIMO-5612	1284587707
GERONIMO-5613	1284663806
GERONIMO-5614	1284679648
GERONIMO-5615	1284943393
GERONIMO-5619	1285079443
GERONIMO-5620	1285080426
GERONIMO-5621	1285081418
GERONIMO-5629	1285604229
GERONIMO-5637	1286824191
GERONIMO-5638	1286843739
GERONIMO-5639	1286847437
GERONIMO-5640	1286918132
GERONIMO-5643	1287007535
GERONIMO-5646	1287062604
GERONIMO-5647	1287062879
GERONIMO-5658	1287496863
GERONIMO-5661	1288028448
GERONIMO-5662	1288031088
GERONIMO-5672	1288773333
GERONIMO-5673	1288779603
GERONIMO-5677	1288922805
GERONIMO-5680	1289340686
GERONIMO-5685	1289426885
GERONIMO-5702	1290034304
GERONIMO-5704	1290039899
GERONIMO-5705	1290040731
GERONIMO-5708	1290138943
GERONIMO-5712	1290456075
GERONIMO-5726	1291682944
GERONIMO-5731	1292253263
GERONIMO-5734	1292546275
GERONIMO-5738	1292886251
GERONIMO-5741	1292977185
GERONIMO-5744	1293487341
GERONIMO-5748	1294167892
GERONIMO-5751	1294851903
GERONIMO-5765	1295396842
GERONIMO-5768	1295436403
GERONIMO-5769	1295445277
GERONIMO-5773	1295472028
GERONIMO-5782	1295880306
GERONIMO-5787	1296017433
GERONIMO-5789	1296061762
GERONIMO-5793	1296177232
GERONIMO-5795	1296264066
GERONIMO-5796	1296264421
GERONIMO-5797	1296338703
GERONIMO-5801	1297197201
GERONIMO-5802	1297251936
GERONIMO-5803	1297287301
GERONIMO-5810	1297457741
GERONIMO-5815	1297719578
GERONIMO-5816	1297722410
GERONIMO-5821	1297819779
GERONIMO-5823	1297980342
GERONIMO-5827	1298323940
GERONIMO-5828	1298330053
GERONIMO-5829	1298400759
GERONIMO-5830	1298506928
GERONIMO-5832	1298511415
GERONIMO-5839	1298930777
GERONIMO-5841	1298938698
GERONIMO-5843	1299013472
GERONIMO-5845	1299045403
GERONIMO-5849	1299435909
GERONIMO-5850	1299460320
GERONIMO-5862	1300043453
GERONIMO-5863	1300066528
GERONIMO-5864	1300211889
GERONIMO-5865	1300231641
GERONIMO-5867	1300235826
GERONIMO-5871	1300670293
GERONIMO-5874	1300730274
GERONIMO-5881	1301274814
GERONIMO-5885	1301507755
GERONIMO-5887	1301619237
GERONIMO-5890	1302130901
GERONIMO-5892	1302210734
GERONIMO-5893	1302216417
GERONIMO-5896	1302533274
GERONIMO-5902	1302670477
GERONIMO-5904	1302745428
GERONIMO-5909	1302804433
GERONIMO-5910	1302817730
GERONIMO-5911	1302820236
GERONIMO-5915	1303086815
GERONIMO-5916	1303090246
GERONIMO-5918	1303129310
GERONIMO-5921	1303238518
GERONIMO-5923	1303255848
GERONIMO-5932	1303769220
GERONIMO-5937	1303889325
GERONIMO-5938	1303904800
GERONIMO-5942	1304031527
GERONIMO-5945	1304447859
GERONIMO-5949	1304629428
GERONIMO-5954	1304991246
GERONIMO-5955	1305076926
GERONIMO-5956	1305077835
GERONIMO-5957	1305081791
GERONIMO-5969	1306041844
GERONIMO-5973	1306114359
GERONIMO-5981	1306358593
GERONIMO-5984	1306459542
GERONIMO-5986	1306720409
GERONIMO-5987	1306910965
GERONIMO-5993	1307063673
GERONIMO-5994	1307104674
GERONIMO-5999	1307487227
GERONIMO-6001	1307556697
GERONIMO-6002	1307639598
GERONIMO-6010	1308093185
GERONIMO-6011	1308174733
GERONIMO-6015	1308317795
GERONIMO-6016	1308337945
GERONIMO-6018	1308617834
GERONIMO-6019	1308676552
GERONIMO-6021	1308830141
GERONIMO-6022	1308874546
GERONIMO-6025	1309181420
GERONIMO-6027	1309304061
GERONIMO-6028	1309310218
GERONIMO-6030	1309394900
GERONIMO-6041	1309484414
GERONIMO-6042	1309512559
GERONIMO-6045	1309763207
GERONIMO-6048	1309884315
GERONIMO-6050	1309997636
GERONIMO-6054	1310065436
GERONIMO-6057	1310074022
GERONIMO-6060	1310354934
GERONIMO-6074	1310515390
GERONIMO-6076	1310586065
GERONIMO-6078	1310673003
GERONIMO-6079	1310794193
GERONIMO-6080	1310957042
GERONIMO-6081	1311012862
GERONIMO-6083	1311034079
GERONIMO-6088	1311116074
GERONIMO-6090	1311184918
GERONIMO-6091	1311211715
GERONIMO-6092	1311232904
GERONIMO-6093	1311285973
GERONIMO-6094	1311552185
GERONIMO-6095	1311639165
GERONIMO-6096	1311640214
GERONIMO-6099	1311802101
GERONIMO-6101	1312245256
GERONIMO-6102	1312350231
GERONIMO-6103	1312406671
GERONIMO-6104	1312412710
GERONIMO-6107	1312915432
GERONIMO-6108	1312926551
GERONIMO-6109	1313000063
GERONIMO-6110	1313345707
GERONIMO-6112	1313481770
GERONIMO-6118	1313963578
GERONIMO-6120	1314055447
GERONIMO-6125	1314239947
GERONIMO-6133	1314663913
GERONIMO-6135	1314746429
GERONIMO-6136	1314777091
GERONIMO-6143	1315161691
GERONIMO-6144	1315161974
GERONIMO-6145	1315203362
GERONIMO-6146	1315244789
GERONIMO-6151	1315301598
GERONIMO-6154	1315484466
GERONIMO-6159	1315626967
GERONIMO-6162	1316370832
GERONIMO-6163	1316458298
GERONIMO-6168	1316568085
GERONIMO-6169	1316649512
GERONIMO-6171	1316937235
GERONIMO-6180	1317246227
GERONIMO-6191	1318480270
GERONIMO-6194	1318832215
GERONIMO-6199	1319097537
GERONIMO-6205	1319607998
GERONIMO-6210	1320278274
GERONIMO-6224	1322780792
GERONIMO-6225	1323158560
GERONIMO-6228	1323583528
GERONIMO-6229	1323583821
GERONIMO-6230	1323634264
GERONIMO-6231	1323650790
GERONIMO-6236	1324259042
GERONIMO-6243	1324599162
GERONIMO-6244	1324603787
GERONIMO-6245	1325010582
GERONIMO-6254	1325741738
GERONIMO-6260	1326309125
GERONIMO-6264	1326833133
GERONIMO-6266	1327950596
GERONIMO-6270	1328664487
GERONIMO-6274	1329270306
GERONIMO-6276	1329433427
GERONIMO-6277	1329437171
GERONIMO-6278	1329441278
GERONIMO-6282	1329725202
GERONIMO-6283	1329765332
GERONIMO-6288	1330301285
GERONIMO-6295	1330980729
GERONIMO-6302	1331842301
GERONIMO-6304	1332201754
GERONIMO-6306	1332742333
GERONIMO-6311	1332839081
GERONIMO-6328	1334657564
GERONIMO-6335	1335163582
GERONIMO-6339	1335308364
GERONIMO-6340	1335462102
GERONIMO-6341	1335505359
GERONIMO-6348	1336601230
GERONIMO-6355	1337550816
GERONIMO-6363	1339144937
GERONIMO-6364	1339145238
GERONIMO-6389	1347582237
