issue.names	creat.date
VELOCITY-2	985187242
VELOCITY-5	990529454
VELOCITY-11	997226812
VELOCITY-13	999088876
VELOCITY-16	1001437762
VELOCITY-17	1003159010
VELOCITY-19	1003353218
VELOCITY-23	1003829504
VELOCITY-24	1004293700
VELOCITY-26	1004968686
VELOCITY-27	1005112956
VELOCITY-28	1006119909
VELOCITY-29	1006184759
VELOCITY-30	1007024221
VELOCITY-34	1011332746
VELOCITY-36	1014060278
VELOCITY-37	1014061954
VELOCITY-38	1014134356
VELOCITY-39	1014334928
VELOCITY-40	1015401771
VELOCITY-41	1015502157
VELOCITY-42	1015625934
VELOCITY-43	1016425871
VELOCITY-44	1016842151
VELOCITY-45	1016873963
VELOCITY-47	1016874893
VELOCITY-48	1016875211
VELOCITY-49	1016875995
VELOCITY-51	1016884678
VELOCITY-52	1016906582
VELOCITY-53	1016906928
VELOCITY-54	1016907127
VELOCITY-57	1017095539
VELOCITY-60	1017750980
VELOCITY-61	1017785106
VELOCITY-66	1018979922
VELOCITY-68	1019146328
VELOCITY-69	1019743236
VELOCITY-71	1020291856
VELOCITY-72	1020711790
VELOCITY-73	1020721357
VELOCITY-74	1020727037
VELOCITY-75	1020892024
VELOCITY-78	1021299761
VELOCITY-80	1021637504
VELOCITY-83	1023307208
VELOCITY-84	1023864332
VELOCITY-85	1024360510
VELOCITY-86	1024361519
VELOCITY-87	1024504859
VELOCITY-88	1025723224
VELOCITY-89	1026140657
VELOCITY-95	1027376853
VELOCITY-96	1027433135
VELOCITY-98	1027512315
VELOCITY-99	1027697708
VELOCITY-106	1033078080
VELOCITY-109	1034663997
VELOCITY-111	1035406828
VELOCITY-116	1038351703
VELOCITY-117	1039017614
VELOCITY-119	1040336909
VELOCITY-120	1041247246
VELOCITY-122	1042183999
VELOCITY-126	1042590085
VELOCITY-138	1045130171
VELOCITY-140	1045168741
VELOCITY-145	1046296653
VELOCITY-151	1047303967
VELOCITY-158	1048948574
VELOCITY-157	1048965682
VELOCITY-159	1049331452
VELOCITY-160	1050058120
VELOCITY-161	1050429657
VELOCITY-164	1050620333
VELOCITY-167	1050630104
VELOCITY-170	1051212450
VELOCITY-171	1051369287
VELOCITY-172	1051369926
VELOCITY-173	1051561074
VELOCITY-176	1051643549
VELOCITY-177	1051905527
VELOCITY-185	1056256149
VELOCITY-187	1056740150
VELOCITY-188	1056921619
VELOCITY-196	1060866861
VELOCITY-199	1061401071
VELOCITY-200	1061565269
VELOCITY-207	1063702755
VELOCITY-210	1065101103
VELOCITY-211	1065101350
VELOCITY-215	1065626174
VELOCITY-223	1067929303
VELOCITY-224	1068414188
VELOCITY-233	1069868378
VELOCITY-236	1070720551
VELOCITY-239	1071872717
VELOCITY-242	1073105081
VELOCITY-243	1073247894
VELOCITY-244	1073409182
VELOCITY-245	1073409382
VELOCITY-246	1073409701
VELOCITY-249	1075374527
VELOCITY-250	1075432745
VELOCITY-254	1079533460
VELOCITY-258	1081816914
VELOCITY-260	1081960765
VELOCITY-262	1082056199
VELOCITY-265	1082649780
VELOCITY-272	1087567781
VELOCITY-274	1088015130
VELOCITY-275	1088181795
VELOCITY-279	1089562006
VELOCITY-282	1089828604
VELOCITY-285	1090920282
VELOCITY-300	1097360257
VELOCITY-302	1097669007
VELOCITY-303	1097735044
VELOCITY-263	1097778735
VELOCITY-307	1098669285
VELOCITY-312	1099899844
VELOCITY-319	1100891461
VELOCITY-322	1101464338
VELOCITY-323	1101573002
VELOCITY-324	1101606523
VELOCITY-330	1103604472
VELOCITY-331	1104793277
VELOCITY-332	1104867157
VELOCITY-333	1105284043
VELOCITY-334	1105448249
VELOCITY-336	1105805199
VELOCITY-342	1106486872
VELOCITY-344	1106488236
VELOCITY-346	1106929110
VELOCITY-348	1107020481
VELOCITY-350	1107237927
VELOCITY-353	1108199320
VELOCITY-355	1108491764
VELOCITY-358	1108740177
VELOCITY-359	1108999109
VELOCITY-361	1109142894
VELOCITY-367	1110360128
VELOCITY-370	1112214591
VELOCITY-371	1112223185
VELOCITY-374	1113606222
VELOCITY-379	1116158182
VELOCITY-381	1116951902
VELOCITY-382	1118324829
VELOCITY-383	1118534135
VELOCITY-390	1120674631
VELOCITY-393	1121034858
VELOCITY-396	1121423768
VELOCITY-404	1127500470
VELOCITY-408	1127839234
VELOCITY-411	1129121112
VELOCITY-413	1129836557
VELOCITY-415	1130936800
VELOCITY-416	1131186682
VELOCITY-418	1131667103
VELOCITY-420	1132215629
VELOCITY-424	1132661260
VELOCITY-426	1134320322
VELOCITY-432	1139326857
VELOCITY-435	1141515084
VELOCITY-438	1145334922
VELOCITY-449	1152368977
VELOCITY-452	1156971271
VELOCITY-453	1156974782
VELOCITY-455	1157012598
VELOCITY-456	1157522917
VELOCITY-458	1158367978
VELOCITY-459	1158789977
VELOCITY-461	1159336547
VELOCITY-475	1162350941
VELOCITY-476	1162517116
VELOCITY-477	1162745701
VELOCITY-493	1163234264
VELOCITY-495	1163454130
VELOCITY-498	1163740813
VELOCITY-501	1164419982
VELOCITY-503	1164689787
VELOCITY-507	1165389308
VELOCITY-508	1166087137
VELOCITY-511	1170147913
VELOCITY-512	1170148004
VELOCITY-514	1170773802
VELOCITY-516	1171504442
VELOCITY-517	1172015325
VELOCITY-518	1172056211
VELOCITY-520	1172249081
VELOCITY-521	1172275925
VELOCITY-523	1172983043
VELOCITY-524	1172984286
VELOCITY-536	1175496174
VELOCITY-537	1175590660
VELOCITY-538	1176252045
VELOCITY-541	1177510756
VELOCITY-542	1177642976
VELOCITY-543	1177879527
VELOCITY-544	1178435110
VELOCITY-545	1179087148
VELOCITY-546	1179087433
VELOCITY-551	1180598506
VELOCITY-556	1182348156
VELOCITY-559	1184665654
VELOCITY-560	1186053958
VELOCITY-561	1186962493
VELOCITY-563	1187960324
VELOCITY-565	1189983976
VELOCITY-566	1191981586
VELOCITY-570	1195199552
VELOCITY-578	1197851700
VELOCITY-579	1197943238
VELOCITY-580	1197955819
VELOCITY-587	1202676068
VELOCITY-589	1204894048
VELOCITY-590	1205382557
VELOCITY-591	1207033546
VELOCITY-594	1210224741
VELOCITY-595	1210862776
VELOCITY-596	1211519960
VELOCITY-599	1212958297
VELOCITY-605	1216030400
VELOCITY-606	1216698575
VELOCITY-607	1216949018
VELOCITY-608	1216994256
VELOCITY-609	1216994623
VELOCITY-610	1218569682
VELOCITY-614	1221692921
VELOCITY-615	1221707005
VELOCITY-616	1222207859
VELOCITY-625	1223645712
VELOCITY-627	1223823131
VELOCITY-628	1223823806
VELOCITY-629	1223824301
VELOCITY-630	1223828008
VELOCITY-631	1223943731
VELOCITY-632	1224472433
VELOCITY-633	1224474556
VELOCITY-635	1225118467
VELOCITY-636	1225119296
VELOCITY-640	1225135734
VELOCITY-641	1225136274
VELOCITY-642	1225886675
VELOCITY-644	1227380889
VELOCITY-649	1227531252
VELOCITY-651	1228274605
VELOCITY-655	1228796096
VELOCITY-657	1230009534
VELOCITY-658	1230389556
VELOCITY-667	1232286398
VELOCITY-669	1232339629
VELOCITY-671	1232434983
VELOCITY-675	1232587534
VELOCITY-676	1232587928
VELOCITY-678	1232591172
VELOCITY-681	1232643407
VELOCITY-682	1232646055
VELOCITY-683	1232647143
VELOCITY-684	1232647525
VELOCITY-685	1232697075
VELOCITY-686	1232765421
VELOCITY-689	1233822111
VELOCITY-693	1234384330
VELOCITY-701	1234888482
VELOCITY-702	1234888674
VELOCITY-707	1235349871
VELOCITY-709	1236184505
VELOCITY-710	1236184995
VELOCITY-712	1236736948
VELOCITY-717	1242388416
VELOCITY-718	1242691067
VELOCITY-719	1242839591
VELOCITY-724	1243825877
VELOCITY-727	1245628906
VELOCITY-728	1245635586
VELOCITY-729	1247466955
VELOCITY-730	1248864826
VELOCITY-731	1250671615
VELOCITY-736	1254890847
VELOCITY-737	1255516376
VELOCITY-744	1258625492
VELOCITY-747	1259731162
VELOCITY-750	1261537937
VELOCITY-752	1263546752
VELOCITY-753	1264613216
VELOCITY-754	1264747997
VELOCITY-759	1268628098
VELOCITY-760	1271565388
VELOCITY-762	1274186859
VELOCITY-763	1274187031
VELOCITY-766	1274879457
VELOCITY-776	1283348557
VELOCITY-783	1288164413
VELOCITY-786	1288749450
VELOCITY-789	1291010022
VELOCITY-790	1291177118
VELOCITY-797	1296204243
VELOCITY-798	1299633249
VELOCITY-804	1306504969
VELOCITY-809	1313466006
VELOCITY-815	1326395416
VELOCITY-824	1336207493
VELOCITY-827	1338179032
VELOCITY-828	1338182600
VELOCITY-833	1347890785
VELOCITY-834	1347973163
VELOCITY-836	1350455306
VELOCITY-840	1361968752
VELOCITY-843	1377234852
VELOCITY-846	1384621178
VELOCITY-848	1397149327
VELOCITY-850	1400147020
VELOCITY-851	1404832174
VELOCITY-855	1422788490
VELOCITY-858	1427427091
VELOCITY-860	1432839965
VELOCITY-863	1432922636
VELOCITY-866	1441233999
VELOCITY-867	1442322622
VELOCITY-868	1444352143
VELOCITY-869	1447769963
VELOCITY-870	1449204214
VELOCITY-872	1462734221
VELOCITY-875	1467096824
VELOCITY-880	1494943197
VELOCITY-882	1501805018
VELOCITY-886	1507292524
VELOCITY-888	1511252512
VELOCITY-889	1515735661
VELOCITY-890	1517953864
VELOCITY-894	1527831739
VELOCITY-896	1528794916
VELOCITY-905	1544885006
VELOCITY-906	1544885397
VELOCITY-908	1548418703
VELOCITY-912	1555365981
