issue.names	creat.date
OPENJPA-3	1154372709
OPENJPA-9	1155107031
OPENJPA-13	1155564570
OPENJPA-14	1155721473
OPENJPA-15	1155739617
OPENJPA-20	1155741119
OPENJPA-21	1155741218
OPENJPA-22	1155742359
OPENJPA-24	1156138055
OPENJPA-28	1156158627
OPENJPA-35	1156779365
OPENJPA-42	1157639205
OPENJPA-44	1157987287
OPENJPA-46	1158595186
OPENJPA-51	1158599565
OPENJPA-60	1159354165
OPENJPA-61	1159421364
OPENJPA-67	1161686312
OPENJPA-68	1161900634
OPENJPA-70	1162221671
OPENJPA-71	1162227989
OPENJPA-74	1162406880
OPENJPA-75	1162811932
OPENJPA-76	1162845348
OPENJPA-77	1163066144
OPENJPA-80	1163419269
OPENJPA-86	1164044571
OPENJPA-90	1166151972
OPENJPA-100	1168441587
OPENJPA-102	1168978050
OPENJPA-103	1169024911
OPENJPA-104	1169036592
OPENJPA-112	1169660288
OPENJPA-113	1169661842
OPENJPA-115	1170069646
OPENJPA-116	1170080938
OPENJPA-118	1170230753
OPENJPA-119	1170259113
OPENJPA-121	1170268945
OPENJPA-122	1170279280
OPENJPA-132	1170859238
OPENJPA-133	1170859956
OPENJPA-134	1170870441
OPENJPA-139	1170951543
OPENJPA-142	1171324734
OPENJPA-143	1171358349
OPENJPA-146	1171425607
OPENJPA-148	1171460724
OPENJPA-150	1171521495
OPENJPA-154	1171906865
OPENJPA-157	1172000929
OPENJPA-162	1173039024
OPENJPA-165	1173434792
OPENJPA-173	1173803897
OPENJPA-174	1174296701
OPENJPA-175	1174319845
OPENJPA-181	1174894009
OPENJPA-186	1175039410
OPENJPA-199	1175700891
OPENJPA-200	1175703193
OPENJPA-202	1175705764
OPENJPA-203	1175734545
OPENJPA-207	1175864204
OPENJPA-208	1175869555
OPENJPA-209	1175871173
OPENJPA-210	1175873249
OPENJPA-214	1176277356
OPENJPA-218	1176791952
OPENJPA-219	1176813092
OPENJPA-222	1176886902
OPENJPA-228	1177455575
OPENJPA-229	1177464129
OPENJPA-230	1177678234
OPENJPA-231	1177952849
OPENJPA-237	1178550624
OPENJPA-241	1179549703
OPENJPA-244	1179946134
OPENJPA-245	1180245831
OPENJPA-248	1180610943
OPENJPA-251	1181118551
OPENJPA-256	1181362093
OPENJPA-258	1181643703
OPENJPA-269	1182939993
OPENJPA-271	1183101520
OPENJPA-272	1183114398
OPENJPA-274	1183292759
OPENJPA-278	1183639786
OPENJPA-280	1183726165
OPENJPA-281	1183961364
OPENJPA-282	1183967981
OPENJPA-284	1184566263
OPENJPA-285	1184624970
OPENJPA-287	1184847793
OPENJPA-288	1184911260
OPENJPA-295	1185351324
OPENJPA-303	1185799907
OPENJPA-304	1185867190
OPENJPA-308	1186416935
OPENJPA-311	1186660297
OPENJPA-312	1186681390
OPENJPA-313	1186758873
OPENJPA-314	1187084064
OPENJPA-315	1187089450
OPENJPA-320	1187267963
OPENJPA-321	1187359200
OPENJPA-323	1187597235
OPENJPA-326	1187726316
OPENJPA-329	1187791841
OPENJPA-331	1187874501
OPENJPA-335	1187960308
OPENJPA-339	1188206517
OPENJPA-340	1188286833
OPENJPA-343	1188364521
OPENJPA-346	1188470280
OPENJPA-347	1188479924
OPENJPA-349	1188954590
OPENJPA-353	1189086495
OPENJPA-355	1189122066
OPENJPA-356	1189164399
OPENJPA-357	1189176985
OPENJPA-358	1189177304
OPENJPA-359	1189199031
OPENJPA-360	1189251326
OPENJPA-361	1189317970
OPENJPA-363	1189341818
OPENJPA-364	1189508257
OPENJPA-365	1189533502
OPENJPA-366	1189578431
OPENJPA-367	1189585838
OPENJPA-368	1189663492
OPENJPA-369	1189755957
OPENJPA-375	1190108357
OPENJPA-378	1190286428
OPENJPA-379	1190323105
OPENJPA-380	1190371692
OPENJPA-382	1190621524
OPENJPA-385	1190786692
OPENJPA-386	1190874366
OPENJPA-387	1190913891
OPENJPA-388	1190969507
OPENJPA-389	1191239393
OPENJPA-392	1191480031
OPENJPA-395	1191823435
OPENJPA-396	1191824062
OPENJPA-397	1191827888
OPENJPA-399	1192027698
OPENJPA-401	1192174541
OPENJPA-402	1192216561
OPENJPA-403	1192448918
OPENJPA-405	1192538933
OPENJPA-409	1192642127
OPENJPA-410	1192771513
OPENJPA-413	1193124677
OPENJPA-415	1193212681
OPENJPA-416	1193220447
OPENJPA-419	1193347477
OPENJPA-420	1193356008
OPENJPA-421	1193416524
OPENJPA-422	1193485886
OPENJPA-423	1193551086
OPENJPA-425	1193751131
OPENJPA-427	1193896700
OPENJPA-428	1193909980
OPENJPA-437	1194502982
OPENJPA-439	1194626624
OPENJPA-442	1195037663
OPENJPA-446	1195473059
OPENJPA-447	1195499073
OPENJPA-452	1196048889
OPENJPA-455	1196178268
OPENJPA-456	1196370674
OPENJPA-458	1196689637
OPENJPA-459	1196843909
OPENJPA-460	1196868119
OPENJPA-462	1196924193
OPENJPA-464	1197381836
OPENJPA-466	1197484828
OPENJPA-470	1198035327
OPENJPA-471	1198058667
OPENJPA-478	1199780648
OPENJPA-481	1199903718
OPENJPA-484	1200036667
OPENJPA-485	1200305203
OPENJPA-489	1200419724
OPENJPA-495	1200490845
OPENJPA-497	1200615065
OPENJPA-498	1200675143
OPENJPA-505	1201613021
OPENJPA-506	1201776075
OPENJPA-508	1201869949
OPENJPA-509	1202218078
OPENJPA-511	1202245923
OPENJPA-512	1202402627
OPENJPA-516	1202994072
OPENJPA-518	1203087938
OPENJPA-525	1204111204
OPENJPA-526	1204111685
OPENJPA-528	1204294159
OPENJPA-530	1204478366
OPENJPA-532	1204718084
OPENJPA-533	1204776008
OPENJPA-535	1205223417
OPENJPA-536	1205349269
OPENJPA-537	1205720679
OPENJPA-539	1205929883
OPENJPA-540	1205932705
OPENJPA-542	1206353647
OPENJPA-543	1206355127
OPENJPA-547	1206625382
OPENJPA-550	1207039165
OPENJPA-552	1207131017
OPENJPA-554	1207136831
OPENJPA-557	1207264421
OPENJPA-559	1207308410
OPENJPA-562	1207661742
OPENJPA-565	1207683490
OPENJPA-567	1207793485
OPENJPA-573	1208355614
OPENJPA-574	1208364893
OPENJPA-576	1208503777
OPENJPA-577	1208524527
OPENJPA-579	1208778121
OPENJPA-580	1208889516
OPENJPA-581	1208930085
OPENJPA-585	1209639599
OPENJPA-586	1209650330
OPENJPA-587	1209719964
OPENJPA-588	1209729147
OPENJPA-589	1209852648
OPENJPA-590	1209854220
OPENJPA-594	1210239532
OPENJPA-595	1210244703
OPENJPA-596	1210252865
OPENJPA-597	1210273436
OPENJPA-602	1210729883
OPENJPA-605	1211281711
OPENJPA-606	1211304826
OPENJPA-607	1211411010
OPENJPA-612	1211726334
OPENJPA-614	1211907205
OPENJPA-617	1211995752
OPENJPA-619	1212406626
OPENJPA-622	1212580021
OPENJPA-625	1212645616
OPENJPA-628	1212998689
OPENJPA-629	1213001479
OPENJPA-630	1213019340
OPENJPA-634	1213123049
OPENJPA-637	1213619106
OPENJPA-642	1214297035
OPENJPA-644	1214479692
OPENJPA-645	1214481667
OPENJPA-646	1214556150
OPENJPA-647	1214822066
OPENJPA-650	1214991644
OPENJPA-653	1215411296
OPENJPA-656	1215687993
OPENJPA-657	1215704188
OPENJPA-659	1216027982
OPENJPA-660	1216174198
OPENJPA-662	1216292383
OPENJPA-664	1216883771
OPENJPA-665	1216892569
OPENJPA-668	1217247184
OPENJPA-669	1217250665
OPENJPA-670	1217336748
OPENJPA-674	1217955769
OPENJPA-676	1218007788
OPENJPA-677	1218010468
OPENJPA-678	1218105083
OPENJPA-679	1218115950
OPENJPA-680	1218129144
OPENJPA-685	1218197086
OPENJPA-692	1218280389
OPENJPA-693	1218560921
OPENJPA-695	1219138360
OPENJPA-696	1219303540
OPENJPA-697	1219348078
OPENJPA-698	1219390910
OPENJPA-699	1219397073
OPENJPA-700	1219398014
OPENJPA-702	1219649894
OPENJPA-705	1219672814
OPENJPA-710	1220361264
OPENJPA-711	1220401570
OPENJPA-712	1220430734
OPENJPA-713	1220500005
OPENJPA-714	1220503078
OPENJPA-715	1220504823
OPENJPA-719	1221032190
OPENJPA-724	1221296886
OPENJPA-727	1221619324
OPENJPA-731	1221816272
OPENJPA-732	1222170681
OPENJPA-733	1222334995
OPENJPA-740	1223388936
OPENJPA-745	1223908580
OPENJPA-750	1224246388
OPENJPA-751	1224763300
OPENJPA-755	1225315156
OPENJPA-761	1225792933
OPENJPA-762	1225800346
OPENJPA-764	1226321842
OPENJPA-774	1227037232
OPENJPA-777	1227199762
OPENJPA-787	1227640507
OPENJPA-792	1227698140
OPENJPA-794	1227716203
OPENJPA-795	1227775290
OPENJPA-798	1227901106
OPENJPA-799	1228061207
OPENJPA-801	1228126699
OPENJPA-811	1228301099
OPENJPA-812	1228328820
OPENJPA-815	1228393154
OPENJPA-818	1228483328
OPENJPA-819	1228744701
OPENJPA-820	1228834956
OPENJPA-821	1228842905
OPENJPA-824	1228939755
OPENJPA-825	1229010042
OPENJPA-828	1229361995
OPENJPA-834	1229605821
OPENJPA-835	1229612843
OPENJPA-836	1229659433
OPENJPA-838	1229683891
OPENJPA-843	1229944561
OPENJPA-845	1230031503
OPENJPA-847	1230689909
OPENJPA-853	1231430917
OPENJPA-859	1231917446
OPENJPA-860	1232005722
OPENJPA-863	1232359653
OPENJPA-864	1232551821
OPENJPA-866	1232693631
OPENJPA-867	1232696246
OPENJPA-873	1232967924
OPENJPA-883	1233294234
OPENJPA-884	1233297527
OPENJPA-890	1233581476
OPENJPA-896	1233736784
OPENJPA-898	1233746161
OPENJPA-912	1234027998
OPENJPA-913	1234133486
OPENJPA-916	1234179982
OPENJPA-917	1234249153
OPENJPA-922	1234773538
OPENJPA-925	1234910583
OPENJPA-927	1234945125
OPENJPA-932	1235130611
OPENJPA-933	1235175876
OPENJPA-934	1235180322
OPENJPA-935	1235188779
OPENJPA-940	1235519887
OPENJPA-944	1235645883
OPENJPA-947	1235918134
OPENJPA-951	1236070904
OPENJPA-955	1236242320
OPENJPA-965	1236351865
OPENJPA-970	1236673935
OPENJPA-973	1236699119
OPENJPA-981	1237206286
OPENJPA-992	1237470604
OPENJPA-993	1237526587
OPENJPA-999	1237973782
OPENJPA-1001	1238328181
OPENJPA-1004	1238400393
OPENJPA-1020	1238750303
OPENJPA-1025	1239059617
OPENJPA-1028	1239112141
OPENJPA-1029	1239187648
OPENJPA-1031	1239275933
OPENJPA-1039	1239755610
OPENJPA-1041	1239808925
OPENJPA-1049	1240415870
OPENJPA-1051	1240906397
OPENJPA-1053	1240952160
OPENJPA-1054	1240994472
OPENJPA-1060	1241435921
OPENJPA-1061	1241519191
OPENJPA-1067	1241596721
OPENJPA-1070	1241663326
OPENJPA-1072	1241686092
OPENJPA-1074	1241767014
OPENJPA-1088	1242368744
OPENJPA-1091	1242379948
OPENJPA-1097	1242884728
OPENJPA-1100	1242969136
OPENJPA-1116	1244007536
OPENJPA-1117	1244025949
OPENJPA-1119	1244116999
OPENJPA-1120	1244164661
OPENJPA-1121	1244171860
OPENJPA-1125	1244190584
OPENJPA-1127	1244249695
OPENJPA-1129	1244457709
OPENJPA-1132	1244627858
OPENJPA-1133	1244656965
OPENJPA-1135	1244718827
OPENJPA-1139	1245231709
OPENJPA-1141	1245396919
OPENJPA-1142	1245667906
OPENJPA-1155	1246520491
OPENJPA-1156	1246524813
OPENJPA-1163	1247038316
OPENJPA-1168	1247061613
OPENJPA-1174	1247216569
OPENJPA-1184	1248076545
OPENJPA-1185	1248079658
OPENJPA-1189	1248170155
OPENJPA-1197	1248680321
OPENJPA-1200	1248774350
OPENJPA-1201	1248776249
OPENJPA-1203	1248803013
OPENJPA-1204	1248817252
OPENJPA-1205	1248858240
OPENJPA-1211	1248935703
OPENJPA-1218	1249047890
OPENJPA-1221	1249301640
OPENJPA-1224	1249322273
OPENJPA-1226	1249402368
OPENJPA-1227	1249460813
OPENJPA-1230	1249550907
OPENJPA-1232	1249644876
OPENJPA-1234	1249821497
OPENJPA-1239	1249991609
OPENJPA-1242	1250084499
OPENJPA-1248	1250305445
OPENJPA-1250	1250498687
OPENJPA-1253	1250666285
OPENJPA-1256	1250687095
OPENJPA-1260	1251001528
OPENJPA-1269	1251404727
OPENJPA-1279	1251805650
OPENJPA-1281	1251827059
OPENJPA-1283	1251897286
OPENJPA-1284	1251897597
OPENJPA-1286	1251985798
OPENJPA-1289	1252496995
OPENJPA-1293	1252666680
OPENJPA-1294	1252677591
OPENJPA-1295	1252681843
OPENJPA-1302	1253011733
OPENJPA-1308	1253255023
OPENJPA-1321	1253529785
OPENJPA-1325	1253686746
OPENJPA-1326	1253691752
OPENJPA-1328	1253875102
OPENJPA-1333	1254384392
OPENJPA-1338	1254816654
OPENJPA-1341	1255010102
OPENJPA-1343	1255231572
OPENJPA-1344	1255279877
OPENJPA-1349	1255461793
OPENJPA-1350	1255507090
OPENJPA-1351	1255534239
OPENJPA-1352	1255560633
OPENJPA-1354	1255948176
OPENJPA-1355	1256022808
OPENJPA-1360	1256284385
OPENJPA-1367	1256878806
OPENJPA-1370	1256906425
OPENJPA-1371	1256914307
OPENJPA-1372	1256995580
OPENJPA-1375	1257342974
OPENJPA-1376	1257349757
OPENJPA-1377	1257518637
OPENJPA-1379	1257770832
OPENJPA-1380	1257872082
OPENJPA-1381	1257926027
OPENJPA-1383	1258009352
OPENJPA-1384	1258022625
OPENJPA-1385	1258036525
OPENJPA-1386	1258062382
OPENJPA-1387	1258095035
OPENJPA-1388	1258366442
OPENJPA-1390	1258452450
OPENJPA-1391	1258461832
OPENJPA-1392	1258474692
OPENJPA-1393	1258474779
OPENJPA-1394	1258529881
OPENJPA-1396	1258581531
OPENJPA-1397	1258609423
OPENJPA-1400	1258985950
OPENJPA-1401	1259160941
OPENJPA-1406	1259653588
OPENJPA-1409	1259674555
OPENJPA-1410	1259748824
OPENJPA-1413	1259853273
OPENJPA-1424	1260441210
OPENJPA-1425	1260463007
OPENJPA-1431	1260873895
OPENJPA-1432	1260908814
OPENJPA-1435	1260953731
OPENJPA-1438	1261153703
OPENJPA-1439	1261300238
OPENJPA-1441	1261399111
OPENJPA-1442	1261509155
OPENJPA-1444	1261526202
OPENJPA-1445	1261538465
OPENJPA-1452	1262429590
OPENJPA-1455	1262854673
OPENJPA-1458	1263381671
OPENJPA-1460	1263482982
OPENJPA-1461	1263495030
OPENJPA-1464	1263553848
OPENJPA-1467	1263814000
OPENJPA-1477	1264073812
OPENJPA-1478	1264134929
OPENJPA-1482	1264500255
OPENJPA-1483	1264502166
OPENJPA-1485	1264580085
OPENJPA-1486	1264668912
OPENJPA-1491	1265015735
OPENJPA-1494	1265149035
OPENJPA-1496	1265320856
OPENJPA-1500	1265638226
OPENJPA-1501	1265640045
OPENJPA-1503	1265712212
OPENJPA-1504	1265794626
OPENJPA-1506	1265876250
OPENJPA-1507	1265916055
OPENJPA-1509	1265990874
OPENJPA-1510	1266039835
OPENJPA-1515	1266314417
OPENJPA-1518	1266417466
OPENJPA-1524	1266569412
OPENJPA-1527	1266887631
OPENJPA-1533	1266965399
OPENJPA-1535	1267018466
OPENJPA-1536	1267023352
OPENJPA-1538	1267088886
OPENJPA-1542	1267104307
OPENJPA-1543	1267107064
OPENJPA-1544	1267431357
OPENJPA-1546	1267508135
OPENJPA-1547	1267522086
OPENJPA-1550	1267731168
OPENJPA-1556	1268130013
OPENJPA-1558	1268137969
OPENJPA-1559	1268147732
OPENJPA-1562	1268301176
OPENJPA-1565	1268319101
OPENJPA-1568	1268390683
OPENJPA-1569	1268425843
OPENJPA-1570	1268460741
OPENJPA-1573	1268634447
OPENJPA-1575	1268654846
OPENJPA-1577	1268704447
OPENJPA-1578	1268720940
OPENJPA-1580	1268814918
OPENJPA-1581	1268893788
OPENJPA-1583	1268902514
OPENJPA-1584	1268906232
OPENJPA-1588	1269096388
OPENJPA-1596	1269340787
OPENJPA-1597	1269414281
OPENJPA-1599	1269457984
OPENJPA-1602	1269857085
OPENJPA-1604	1269953072
OPENJPA-1605	1270021906
OPENJPA-1608	1270113978
OPENJPA-1609	1270131706
OPENJPA-1611	1270284020
OPENJPA-1613	1270567713
OPENJPA-1618	1270716086
OPENJPA-1625	1270883303
OPENJPA-1626	1271012956
OPENJPA-1627	1271038873
OPENJPA-1630	1271158421
OPENJPA-1631	1271159290
OPENJPA-1634	1271661856
OPENJPA-1641	1272356437
OPENJPA-1644	1272595698
OPENJPA-1646	1272872787
OPENJPA-1648	1272979140
OPENJPA-1650	1272979952
OPENJPA-1657	1273477545
OPENJPA-1662	1273578426
OPENJPA-1665	1273651704
OPENJPA-1667	1273982166
OPENJPA-1668	1274090924
OPENJPA-1670	1274255333
OPENJPA-1676	1275291869
OPENJPA-1678	1275467727
OPENJPA-1682	1275638908
OPENJPA-1683	1275728595
OPENJPA-1685	1275895337
OPENJPA-1686	1275932967
OPENJPA-1689	1276061849
OPENJPA-1690	1276065040
OPENJPA-1691	1276162293
OPENJPA-1692	1276178386
OPENJPA-1695	1276263805
OPENJPA-1696	1276280868
OPENJPA-1697	1276327085
OPENJPA-1701	1276605896
OPENJPA-1702	1276795100
OPENJPA-1704	1277105163
OPENJPA-1713	1277882946
OPENJPA-1719	1278486217
OPENJPA-1722	1278928950
OPENJPA-1725	1279070675
OPENJPA-1726	1279118788
OPENJPA-1727	1279273714
OPENJPA-1736	1279680959
OPENJPA-1737	1279685843
OPENJPA-1738	1279709534
OPENJPA-1740	1279718500
OPENJPA-1742	1279724235
OPENJPA-1743	1279732263
OPENJPA-1746	1279886767
OPENJPA-1749	1280297918
OPENJPA-1751	1280388312
OPENJPA-1752	1280435625
OPENJPA-1753	1280478476
OPENJPA-1756	1280671193
OPENJPA-1757	1280744145
OPENJPA-1762	1281354151
OPENJPA-1765	1281608600
OPENJPA-1768	1281700119
OPENJPA-1769	1282137762
OPENJPA-1770	1282199493
OPENJPA-1784	1283923889
OPENJPA-1787	1284107031
OPENJPA-1788	1284110597
OPENJPA-1790	1284337821
OPENJPA-1793	1284416177
OPENJPA-1794	1284512855
OPENJPA-1800	1284636963
OPENJPA-1801	1284642716
OPENJPA-1804	1284810849
OPENJPA-1809	1285057024
OPENJPA-1810	1285058507
OPENJPA-1811	1285156460
OPENJPA-1814	1285323308
OPENJPA-1818	1285727977
OPENJPA-1819	1285811844
OPENJPA-1828	1286447192
OPENJPA-1830	1286791546
OPENJPA-1831	1286881994
OPENJPA-1832	1287040338
OPENJPA-1835	1287125977
OPENJPA-1837	1287152270
OPENJPA-1838	1287226329
OPENJPA-1840	1287385433
OPENJPA-1845	1287541668
OPENJPA-1853	1287887240
OPENJPA-1856	1288092758
OPENJPA-1857	1288167453
OPENJPA-1866	1288613077
OPENJPA-1867	1288676727
OPENJPA-1870	1288771299
OPENJPA-1873	1288871834
OPENJPA-1874	1288938622
OPENJPA-1876	1289123800
OPENJPA-1877	1289207948
OPENJPA-1881	1289369558
OPENJPA-1882	1289381005
OPENJPA-1884	1289558916
OPENJPA-1886	1289809446
OPENJPA-1890	1289998645
OPENJPA-1892	1290128987
OPENJPA-1893	1290414830
OPENJPA-1894	1290421181
OPENJPA-1896	1290501163
OPENJPA-1897	1290504589
OPENJPA-1898	1291019852
OPENJPA-1900	1291080013
OPENJPA-1901	1291105770
OPENJPA-1902	1291115005
OPENJPA-1903	1291633534
OPENJPA-1904	1291818038
OPENJPA-1905	1291988262
OPENJPA-1906	1292250520
OPENJPA-1909	1293771058
OPENJPA-1910	1293958288
OPENJPA-1911	1294051877
OPENJPA-1912	1294055289
OPENJPA-1915	1294124856
OPENJPA-1918	1294294284
OPENJPA-1923	1295013152
OPENJPA-1928	1295538232
OPENJPA-1932	1296355137
OPENJPA-1935	1296591187
OPENJPA-1938	1297278402
OPENJPA-1939	1297693803
OPENJPA-1940	1297856551
OPENJPA-1943	1297947660
OPENJPA-1944	1298011028
OPENJPA-1954	1299054168
OPENJPA-1957	1299600697
OPENJPA-1958	1299917476
OPENJPA-1959	1299927841
OPENJPA-1960	1300202343
OPENJPA-1968	1301387037
OPENJPA-1969	1301477959
OPENJPA-1974	1301883601
OPENJPA-1975	1302181071
OPENJPA-1979	1302611619
OPENJPA-1981	1302762664
OPENJPA-1983	1303213886
OPENJPA-1984	1303650718
OPENJPA-1985	1303792948
OPENJPA-1986	1303893893
OPENJPA-1987	1303969450
OPENJPA-1988	1303976778
OPENJPA-1989	1303977327
OPENJPA-1992	1304473259
OPENJPA-1993	1304511150
OPENJPA-1994	1304589655
OPENJPA-1995	1304966436
OPENJPA-1996	1305027454
OPENJPA-2000	1305344449
OPENJPA-2005	1306232658
OPENJPA-2006	1306306799
OPENJPA-2007	1306324311
OPENJPA-2008	1307358830
OPENJPA-2010	1307535010
OPENJPA-2011	1307542003
OPENJPA-2013	1307573556
OPENJPA-2018	1308128934
OPENJPA-2022	1308999320
OPENJPA-2025	1309421380
OPENJPA-2027	1309946604
OPENJPA-2034	1311287635
OPENJPA-2036	1311772926
OPENJPA-2038	1312967427
OPENJPA-2039	1312985033
OPENJPA-2044	1314243052
OPENJPA-2045	1314856996
OPENJPA-2051	1316092378
OPENJPA-2053	1317279518
OPENJPA-2055	1317378366
OPENJPA-2056	1317696099
OPENJPA-2059	1318512620
OPENJPA-2060	1318514040
OPENJPA-2065	1319536895
OPENJPA-2066	1319560797
OPENJPA-2067	1319805942
OPENJPA-2069	1320413584
OPENJPA-2070	1320651377
OPENJPA-2071	1320764773
OPENJPA-2072	1320797535
OPENJPA-2073	1320968096
OPENJPA-2076	1321512356
OPENJPA-2077	1321875477
OPENJPA-2083	1322565978
OPENJPA-2088	1323230458
OPENJPA-2094	1323782687
OPENJPA-2095	1324045366
OPENJPA-2100	1324953115
OPENJPA-2102	1325019437
OPENJPA-2104	1325684373
OPENJPA-2105	1325746541
OPENJPA-2107	1326275639
OPENJPA-2110	1326801875
OPENJPA-2117	1327573162
OPENJPA-2118	1327932855
OPENJPA-2119	1328159458
OPENJPA-2122	1328633253
OPENJPA-2123	1328700463
OPENJPA-2124	1328788847
OPENJPA-2131	1329222233
OPENJPA-2132	1329223709
OPENJPA-2133	1329293764
OPENJPA-2136	1329826705
OPENJPA-2140	1329921868
OPENJPA-2142	1330069464
OPENJPA-2145	1330341734
OPENJPA-2146	1330352272
OPENJPA-2149	1330905018
OPENJPA-2153	1331301475
OPENJPA-2154	1331499638
OPENJPA-2156	1331887269
OPENJPA-2158	1332327524
OPENJPA-2161	1332658211
OPENJPA-2163	1332853015
OPENJPA-2170	1334057351
OPENJPA-2172	1334313170
OPENJPA-2174	1334666417
OPENJPA-2178	1335415239
OPENJPA-2187	1336539427
OPENJPA-2191	1336787353
OPENJPA-2196	1337114482
OPENJPA-2197	1337177422
OPENJPA-2199	1337242996
OPENJPA-2204	1338443258
OPENJPA-2221	1340866058
OPENJPA-2227	1341833045
OPENJPA-2228	1341917334
OPENJPA-2229	1342073965
OPENJPA-2230	1342178516
OPENJPA-2233	1342510790
OPENJPA-2234	1342663569
OPENJPA-2235	1342684522
OPENJPA-2236	1342706600
OPENJPA-2238	1343025677
OPENJPA-2240	1343183573
OPENJPA-2244	1343828598
OPENJPA-2245	1343882490
OPENJPA-2247	1343978998
OPENJPA-2253	1345428524
OPENJPA-2255	1346346952
OPENJPA-2257	1346639321
OPENJPA-2260	1347263458
OPENJPA-2261	1347267051
OPENJPA-2267	1348597742
OPENJPA-2269	1348742941
OPENJPA-2271	1349138915
OPENJPA-2282	1350904026
OPENJPA-2284	1351163239
OPENJPA-2286	1351219854
OPENJPA-2287	1351479809
OPENJPA-2288	1351493693
OPENJPA-2289	1351680055
OPENJPA-2298	1353057512
OPENJPA-2300	1353891848
OPENJPA-2304	1355220840
OPENJPA-2318	1357318214
OPENJPA-2320	1357583908
OPENJPA-2321	1357823648
OPENJPA-2325	1358834350
OPENJPA-2326	1358868676
OPENJPA-2328	1359593090
OPENJPA-2330	1360206203
OPENJPA-2335	1361276876
OPENJPA-2336	1361284161
OPENJPA-2341	1361953454
OPENJPA-2343	1362120972
OPENJPA-2355	1363791042
OPENJPA-2357	1363944702
OPENJPA-2369	1366027359
OPENJPA-2374	1366700434
OPENJPA-2377	1366856148
OPENJPA-2378	1367743516
OPENJPA-2381	1368602021
OPENJPA-2390	1369802407
OPENJPA-2391	1369984609
OPENJPA-2400	1371194955
OPENJPA-2405	1372124299
OPENJPA-2409	1373501496
OPENJPA-2414	1374660608
OPENJPA-2418	1375799628
OPENJPA-2421	1376448363
OPENJPA-2423	1377510989
OPENJPA-2425	1378207149
OPENJPA-2432	1380254721
OPENJPA-2435	1381251728
OPENJPA-2437	1381478994
OPENJPA-2440	1381902788
OPENJPA-2441	1382342933
OPENJPA-2442	1382353175
OPENJPA-2443	1382448527
OPENJPA-2444	1382621453
OPENJPA-2463	1386143626
OPENJPA-2467	1387547566
OPENJPA-2470	1389719423
OPENJPA-2472	1389972179
OPENJPA-2475	1391077811
OPENJPA-2476	1391767122
OPENJPA-2478	1392200215
OPENJPA-2482	1394541677
OPENJPA-2494	1397464962
OPENJPA-2502	1399627508
OPENJPA-2505	1400226917
OPENJPA-2506	1400838986
OPENJPA-2507	1401195424
OPENJPA-2508	1401343628
OPENJPA-2515	1404814066
OPENJPA-2517	1405385403
OPENJPA-2525	1408723139
OPENJPA-2533	1412612888
OPENJPA-2534	1412668218
OPENJPA-2536	1413216043
OPENJPA-2539	1414089541
OPENJPA-2542	1415688675
OPENJPA-2547	1416905905
OPENJPA-2557	1420826531
OPENJPA-2567	1422862548
OPENJPA-2571	1424878949
OPENJPA-2576	1428358180
OPENJPA-2582	1430787630
OPENJPA-2586	1431619450
OPENJPA-2596	1433573137
OPENJPA-2597	1435522197
OPENJPA-2600	1435577342
OPENJPA-2601	1437387643
OPENJPA-2603	1438777944
OPENJPA-2605	1439289384
OPENJPA-2609	1444053419
OPENJPA-2616	1448263861
OPENJPA-2617	1448597454
OPENJPA-2626	1454034964
OPENJPA-2631	1455204537
OPENJPA-2632	1457070124
OPENJPA-2636	1459368603
OPENJPA-2640	1460438509
OPENJPA-2646	1466500803
OPENJPA-2650	1468524217
OPENJPA-2651	1470661988
OPENJPA-2658	1471756003
OPENJPA-2672	1476088959
OPENJPA-2674	1476762495
OPENJPA-2675	1476920958
OPENJPA-2684	1481783107
OPENJPA-2689	1488161230
OPENJPA-2690	1489053749
OPENJPA-2698	1493649662
OPENJPA-2704	1499404803
OPENJPA-2705	1500018066
OPENJPA-2707	1500619091
OPENJPA-2725	1514958305
OPENJPA-2746	1534368226
