fix	intro.	issue
33162b9c292f119a944e8ca42f6698996c3b670b	3e6bb87f728a9da48d33cecf9dd02dd09bc1a330	LOG4J2-292
e33e950d75a81ffdc3f69076fb10243260b10dd4	051def230805c9d3fb0048acd6164dba3a28fa21	LOG4J2-260
6f0e2e904efa6eff533f969baf6293c70ff96cee	9b4cd842c81e71ae7f002703c7952dccfb5bddfb	LOG4J2-2336
c5ede52852739e866b3e4b6782065727b5fd800a	9b4cd842c81e71ae7f002703c7952dccfb5bddfb	LOG4J2-192
12dd5470375a70b6d40e9f73a683f9da3d062631	86fe0b700d1f9091907e7f91dab278d80282b152	LOG4J2-2631
b7da5e73cf30afd1ab130c5157fbb2bc59bbb90d	bd9f0862661fab3ed13632bda2cf23bb58ae74da	LOG4J2-1541
b7da5e73cf30afd1ab130c5157fbb2bc59bbb90d	640f4f2fdf45dcb93823c2ec44138d7e31fa24bc	LOG4J2-1541
b7da5e73cf30afd1ab130c5157fbb2bc59bbb90d	3e6bb87f728a9da48d33cecf9dd02dd09bc1a330	LOG4J2-1541
d3e04250d2e314aa33a51247698b3ed46503afd5	d21f759525762a97f310a38997f52c227fcc5617	LOG4J2-1780
d3e04250d2e314aa33a51247698b3ed46503afd5	86751f4721a886d2c284da0258e30cd7e70ca2c4	LOG4J2-1780
83f6a18a11e0f5769289feacdad81bfb29d3b208	cd7ad1e4fa9cc81b2e310540d78fcc229c1aec1b	LOG4J2-289
099775bfce75e401167a714ed859e24e2c920c4b	186a2fea108d6a203532f4a33f09b14b7ca70066	LOG4J2-920
c8261a5b1997c121f9416d693e60dac050c2719f	f9744033b93e2fe1f52a27c66f24f53cf44939a2	LOG4J2-1300
8c542ef99c4659426eac1dfdbb2d5cf5ee476b50	9b4cd842c81e71ae7f002703c7952dccfb5bddfb	LOG4J2-1554
d8d760d5e6190b8c32082982d29cd57198d1afaa	210b9c7c943bc66785d7ecca0caac35134a2b8e7	LOG4J2-198
5b1c7366d345aa3e8a9941c5beb6e3ba509a08aa	3e6bb87f728a9da48d33cecf9dd02dd09bc1a330	LOG4J2-452
5b1c7366d345aa3e8a9941c5beb6e3ba509a08aa	6def026b7763cda74bb1a22a58c351a2f24ce1e9	LOG4J2-452
efa2c82a91570fd1054e3ac345bc973c89fa17db	051def230805c9d3fb0048acd6164dba3a28fa21	LOG4J2-1570
1e896a130531e088e5ebd7e66cb2514b6e8027a0	3e6bb87f728a9da48d33cecf9dd02dd09bc1a330	LOG4J2-2514
416092873f7d5a58f755f80e7061f83da93657e8	3d76316ab85330ae0c36f56c7bf3c287f156f51c	LOG4J2-1330
572eccde1ce98a3ff25e34e088b6e15b76b4c196	23ced93951ad1037c9934dbe0471377a8e494eaa	LOG4J2-76
57bbd882517bea6d2fa1fb7044cca28580cfb619	27b1fee717a349a28933ef932dfc48fc2a308d8e	LOG4J2-619
591c5847a1e11e3f193f15ab6da700a7ea91108b	3e6bb87f728a9da48d33cecf9dd02dd09bc1a330	LOG4J2-1108
33fdc82669899fca266dda91ce607b574101562b	44c1f6da4a0fae71c6fb5c9d0585b62454c69f07	LOG4J2-1562
91190aa54bf3c0b07bf767c9bb2eaa4e904a460c	3e6bb87f728a9da48d33cecf9dd02dd09bc1a330	LOG4J2-2108
b8c88de23f1443d24ca9b5b5259c8a8bb369189a	bf4afb3e308edd9556b4dbc30f5764fc3f36ea5f	LOG4J2-1443
52461585ed34153dc1470acbf2d43aac9bc81944	3e6bb87f728a9da48d33cecf9dd02dd09bc1a330	LOG4J2-116
b1e8f6f3e7758dfaa05c464e382530ddf89834e1	bf4afb3e308edd9556b4dbc30f5764fc3f36ea5f	LOG4J2-464
cf919cb6d14b7755dcba8718aaef3db6368c73f4	c19d05456e0753dd2d9460945e61c24bdc1c437f	LOG4J2-1339
d5cbe125b0fa24c4d347e4e121320c2cadca3cd5	fff2b1d0de223252055ba9ca794e858dcb6fadcf	LOG4J2-1320
d5cbe125b0fa24c4d347e4e121320c2cadca3cd5	3a0dd1fac0052da6f388205d45d895498fcec215	LOG4J2-1320
d5cbe125b0fa24c4d347e4e121320c2cadca3cd5	6def026b7763cda74bb1a22a58c351a2f24ce1e9	LOG4J2-1320
d5cbe125b0fa24c4d347e4e121320c2cadca3cd5	3295f11382438175bdfca66b9e7e0efa4898f30b	LOG4J2-1320
d5cbe125b0fa24c4d347e4e121320c2cadca3cd5	3e6bb87f728a9da48d33cecf9dd02dd09bc1a330	LOG4J2-1320
d5cbe125b0fa24c4d347e4e121320c2cadca3cd5	358c4e2cb6fd1e9a0c00711b5905a215264ad97f	LOG4J2-1320
d5cbe125b0fa24c4d347e4e121320c2cadca3cd5	d0953b36ea4752e7a5220345dfdb2f7a941ee8b5	LOG4J2-1320
d5cbe125b0fa24c4d347e4e121320c2cadca3cd5	bccedde109dc8be865856e6bbbf0f0bf91247e4c	LOG4J2-1320
d5cbe125b0fa24c4d347e4e121320c2cadca3cd5	12be6d867031c4579ccca856359d04482145e01e	LOG4J2-1320
d5cbe125b0fa24c4d347e4e121320c2cadca3cd5	2d924ce7d41ee2a53e940d7beef03cb28a993056	LOG4J2-1320
d5cbe125b0fa24c4d347e4e121320c2cadca3cd5	e0962136db98887e8c540455bb276665803e03b7	LOG4J2-1320
34c051853775d17075c8a1457b75a6330d82e0c3	abbfb0965d50d9f894ff7a837c7754c066f803e5	LOG4J2-330
07723ec6865042952bd09af158ca8c2a952933bc	c6171ba68d1641454879bfa20cbc2c5333b66a4d	LOG4J2-933
07723ec6865042952bd09af158ca8c2a952933bc	e7e11179088ce622e67f5f92a0769aeeb928bc64	LOG4J2-933
07723ec6865042952bd09af158ca8c2a952933bc	93b9a4b26bfbacf9a86aabbcc96b6f5bdd9fa854	LOG4J2-933
07723ec6865042952bd09af158ca8c2a952933bc	80c9dcbeaed4976649ad5398fff2d3b1540d9cb7	LOG4J2-933
07723ec6865042952bd09af158ca8c2a952933bc	a280611c9a44bb67cf00bd0b962628c5ef617c6d	LOG4J2-933
07723ec6865042952bd09af158ca8c2a952933bc	46dc92deb9cfeaebdef83f5179190409b4eaddae	LOG4J2-933
07723ec6865042952bd09af158ca8c2a952933bc	7a81b7eca777e592b6478db68307b396e6b1cf52	LOG4J2-933
07723ec6865042952bd09af158ca8c2a952933bc	aa3c3595c2b116b6e50fe2a0a8633dde943944ae	LOG4J2-933
07723ec6865042952bd09af158ca8c2a952933bc	f5878ea3a3dfa6274da961fb1ad7bc4508f685df	LOG4J2-933
07723ec6865042952bd09af158ca8c2a952933bc	fb0974f51d39b4f3e68e3933000967327f666919	LOG4J2-933
07723ec6865042952bd09af158ca8c2a952933bc	88980b017bc23d2e687521cc0812f752c73dffc0	LOG4J2-933
07723ec6865042952bd09af158ca8c2a952933bc	adc263b6edcb6fe7ac320a0762752076a8c2bb0c	LOG4J2-933
07723ec6865042952bd09af158ca8c2a952933bc	53320c02916fdb72e4dfc093de855faabba6ea18	LOG4J2-933
07723ec6865042952bd09af158ca8c2a952933bc	b918f7bfc0cebc009a7aa6bc1d0cc4de04f7d56d	LOG4J2-933
07723ec6865042952bd09af158ca8c2a952933bc	0bdbf17b54b941aefbdb1a513313c5b653e7bba5	LOG4J2-933
d41ecf4381756a684925c565061ce647e200a0fc	9b4cd842c81e71ae7f002703c7952dccfb5bddfb	LOG4J2-756
d41ecf4381756a684925c565061ce647e200a0fc	87bde0d5b4d27b979d273d902a7713e5f0ac75fd	LOG4J2-756
d41ecf4381756a684925c565061ce647e200a0fc	d8935c8a8015caa396be554afbbd4f0190c42d8b	LOG4J2-756
d41ecf4381756a684925c565061ce647e200a0fc	67069c106d296e2e3cbf48e10b2d682977a05fd9	LOG4J2-756
d41ecf4381756a684925c565061ce647e200a0fc	24e89e7cd1c6909d3871b2a7518a83ae05bb91f7	LOG4J2-756
d41ecf4381756a684925c565061ce647e200a0fc	d1f494ecad27873bff83dca2a0e8ee9c80b7c077	LOG4J2-756
d41ecf4381756a684925c565061ce647e200a0fc	d86a2159893e2f523b46618c219774b752836891	LOG4J2-756
d41ecf4381756a684925c565061ce647e200a0fc	852c944bd163d67ee4edc23903cd37f4d2080164	LOG4J2-756
d41ecf4381756a684925c565061ce647e200a0fc	f0fca5c213c2c4cf06338362874699ed61971b5e	LOG4J2-756
d41ecf4381756a684925c565061ce647e200a0fc	967cddfbd59d3943956fd5e60eadcc065b4c3e41	LOG4J2-756
d41ecf4381756a684925c565061ce647e200a0fc	7a5dcd43d559971caf3f00c55586f372ca4d9046	LOG4J2-756
d41ecf4381756a684925c565061ce647e200a0fc	3e6bb87f728a9da48d33cecf9dd02dd09bc1a330	LOG4J2-756
265545341dd025b1ce5736d2b7a481740be6558e	9b4cd842c81e71ae7f002703c7952dccfb5bddfb	LOG4J2-1740
265545341dd025b1ce5736d2b7a481740be6558e	f5b9ed0ef85f7668618f7792b028dc7eee318adb	LOG4J2-1740
265545341dd025b1ce5736d2b7a481740be6558e	c7c60e01558e21e9fc95466dfd9cef70163beeec	LOG4J2-1740
265545341dd025b1ce5736d2b7a481740be6558e	d690ba28e83a07c0bb80904d54159b65800e5815	LOG4J2-1740
265545341dd025b1ce5736d2b7a481740be6558e	6d24336481b4e01ed17feeb277fc31f6aeb0d12a	LOG4J2-1740
bb1d0a584e9411a5fe1445a3f9430f0240d3fe36	6def026b7763cda74bb1a22a58c351a2f24ce1e9	LOG4J2-1445
870738ef6d4b3f92629399e6121e12658d315e3c	b581c150b60e7b71ac65654a723ec372b7f9bd73	LOG4J2-2658
4352df7b5d574d70215f803e98be0e460a43f87d	a1886e05b260c8cba5636e33b98f007e83b67c6d	LOG4J2-1628
89808ecbbe50067ac3b5a1b60a38079002650d20	5f461a72203d5b729005db4690bfc4c9e2b4e64d	LOG4J2-2650
d65bf73c02adbf7e82bd2dc66649bad512b944f2	f92062b431b69a480c6950fa965d2d213459a3fd	LOG4J2-1636
d65bf73c02adbf7e82bd2dc66649bad512b944f2	147f78c45e181d78778a710d24510c9b03d97bc7	LOG4J2-1636
d65bf73c02adbf7e82bd2dc66649bad512b944f2	3c2148e81e7351f2108f3f5a2e26af8ea49804d9	LOG4J2-1636
d65bf73c02adbf7e82bd2dc66649bad512b944f2	0c9c9f384475af3402833e9a2a27e97248b84b38	LOG4J2-1636
d65bf73c02adbf7e82bd2dc66649bad512b944f2	0c8bd6514adf4a1ece83121aa156071267a5c28b	LOG4J2-1636
d65bf73c02adbf7e82bd2dc66649bad512b944f2	b7da5e73cf30afd1ab130c5157fbb2bc59bbb90d	LOG4J2-1636
d65bf73c02adbf7e82bd2dc66649bad512b944f2	46f2f78d7052b2b1488982ca4ec09a03d6a9a316	LOG4J2-1636
d65bf73c02adbf7e82bd2dc66649bad512b944f2	33aaf3d52503a3c5781a30424994ad1b5907d59e	LOG4J2-1636
d65bf73c02adbf7e82bd2dc66649bad512b944f2	73323cd968f2c63a1b75ae3b5d4122a495945e70	LOG4J2-1636
d65bf73c02adbf7e82bd2dc66649bad512b944f2	2f0919887a5211b8c3121a656e497ca0b44000a9	LOG4J2-1636
d65bf73c02adbf7e82bd2dc66649bad512b944f2	edec5255e138b83395afe59d9a4fdcb4352773b7	LOG4J2-1636
d65bf73c02adbf7e82bd2dc66649bad512b944f2	82032fc6a0c4882f74334bc872a6ed8e16d3c271	LOG4J2-1636
d65bf73c02adbf7e82bd2dc66649bad512b944f2	b7b30013e84e8be2b6bbc8326e9bc2ff27e239f1	LOG4J2-1636
d65bf73c02adbf7e82bd2dc66649bad512b944f2	3a4d9a65f3ab3dc74e7db063b4cea3b14c1f8abd	LOG4J2-1636
d65bf73c02adbf7e82bd2dc66649bad512b944f2	9bea362a0440cfed0e12eb503e95e1c8eadbe827	LOG4J2-1636
d65bf73c02adbf7e82bd2dc66649bad512b944f2	8dd0cb27bc5a924bd51281821bff89999bd7b869	LOG4J2-1636
d65bf73c02adbf7e82bd2dc66649bad512b944f2	9d4911bad231430780b29d0ce52452443d39bc0a	LOG4J2-1636
d65bf73c02adbf7e82bd2dc66649bad512b944f2	f113499bcff6f5014a838a9dfa68e720c654b261	LOG4J2-1636
d65bf73c02adbf7e82bd2dc66649bad512b944f2	8bd80f34668af8120757b4f8eda6abc24de26a2d	LOG4J2-1636
d65bf73c02adbf7e82bd2dc66649bad512b944f2	b48cc0af0e153bcc0f3c7c99b7f288ab2b64f264	LOG4J2-1636
d65bf73c02adbf7e82bd2dc66649bad512b944f2	2bca903534f879628fb54abbbb435de764a37c17	LOG4J2-1636
d65bf73c02adbf7e82bd2dc66649bad512b944f2	284067cbdb5f13c41225e22c2a60d79cd43f1383	LOG4J2-1636
d65bf73c02adbf7e82bd2dc66649bad512b944f2	dbe8c3abce06c07a93c071e7d87c5ce6ce1a28c2	LOG4J2-1636
d65bf73c02adbf7e82bd2dc66649bad512b944f2	d5eaed8b4b9ffc075e58e0ffcaad27212d34626e	LOG4J2-1636
d65bf73c02adbf7e82bd2dc66649bad512b944f2	8494e1d93c8ba742e0ad7af0db00d06d91f1fd08	LOG4J2-1636
d65bf73c02adbf7e82bd2dc66649bad512b944f2	730a1cc7cc99f9e08cc8dd4a3c3e31ffc3a20f0f	LOG4J2-1636
d65bf73c02adbf7e82bd2dc66649bad512b944f2	7a3f8698c250aacb8fdf5ea19dc66ab61ec6af74	LOG4J2-1636
d65bf73c02adbf7e82bd2dc66649bad512b944f2	5b1c7366d345aa3e8a9941c5beb6e3ba509a08aa	LOG4J2-1636
d65bf73c02adbf7e82bd2dc66649bad512b944f2	92b26b41fd20992104ed9a58cf0f0c326dd682d2	LOG4J2-1636
d65bf73c02adbf7e82bd2dc66649bad512b944f2	5c99b6bed5b41bb00c0a511ea885a01a1f52d0e1	LOG4J2-1636
d65bf73c02adbf7e82bd2dc66649bad512b944f2	0c52e34d95f0b1f6093f21fe4c98ba530f337ef0	LOG4J2-1636
d65bf73c02adbf7e82bd2dc66649bad512b944f2	5a5828a619105a1c1895ee845081e4052e0e60bd	LOG4J2-1636
d65bf73c02adbf7e82bd2dc66649bad512b944f2	2a46255fac6bca654558d44a84687191d2b644a9	LOG4J2-1636
d65bf73c02adbf7e82bd2dc66649bad512b944f2	4c825450648b20859d952e8f3cf317d7d906f33c	LOG4J2-1636
d65bf73c02adbf7e82bd2dc66649bad512b944f2	c4af088d7d0a181f4e9b84f401bd56f2e1342797	LOG4J2-1636
d65bf73c02adbf7e82bd2dc66649bad512b944f2	eb82f77c01d438c330c6997c99ca9ffb9228d4f5	LOG4J2-1636
d65bf73c02adbf7e82bd2dc66649bad512b944f2	01cc155e7577d96f9615e33d895f0953e65c50ac	LOG4J2-1636
d65bf73c02adbf7e82bd2dc66649bad512b944f2	9318c4060b5a5043a2ec1adbbc133155e9f1943c	LOG4J2-1636
d65bf73c02adbf7e82bd2dc66649bad512b944f2	abe0a6308a00561b08f32e0c9491ff0f2f7a4e63	LOG4J2-1636
d65bf73c02adbf7e82bd2dc66649bad512b944f2	0482817088ea61f6c1f219fc11dd45b63e3f0b9f	LOG4J2-1636
d65bf73c02adbf7e82bd2dc66649bad512b944f2	6a4c88d4ae85f6a70843df23e0781becc790c821	LOG4J2-1636
d65bf73c02adbf7e82bd2dc66649bad512b944f2	b0ac23b35f2d430e8c4ac7c3e10ddb2115044157	LOG4J2-1636
d65bf73c02adbf7e82bd2dc66649bad512b944f2	c27136aad09ae0bf3c46605b6e9508056a06c5a3	LOG4J2-1636
d65bf73c02adbf7e82bd2dc66649bad512b944f2	ee87a184c7ccbfe03234782ebd6cc76c954a4a3c	LOG4J2-1636
d65bf73c02adbf7e82bd2dc66649bad512b944f2	afc7ccbd38eb30db24f9566092bf64674b10fb5f	LOG4J2-1636
d65bf73c02adbf7e82bd2dc66649bad512b944f2	961cfc20e7fcc8c80a5a75861aa51fb3ca482197	LOG4J2-1636
d65bf73c02adbf7e82bd2dc66649bad512b944f2	995e3c3bcf210f14c796ae6f57e8008d8cfe31b8	LOG4J2-1636
d65bf73c02adbf7e82bd2dc66649bad512b944f2	d525c6d42609813c7117d9b3f76007b0492d8f46	LOG4J2-1636
d65bf73c02adbf7e82bd2dc66649bad512b944f2	722590956277af42d00089c67ca72a52c446a7b4	LOG4J2-1636
d65bf73c02adbf7e82bd2dc66649bad512b944f2	8b569ca42da7a39187bc3a7c070408f8b26a36f3	LOG4J2-1636
d65bf73c02adbf7e82bd2dc66649bad512b944f2	70f28f975507093fc0799b2743cf7eae6cc55f57	LOG4J2-1636
d65bf73c02adbf7e82bd2dc66649bad512b944f2	0aae2f16ae1c08230c4c428d1f451a8368a9d2a5	LOG4J2-1636
d65bf73c02adbf7e82bd2dc66649bad512b944f2	02bc951865d713e8520010f7f006a1a9ec33b0b2	LOG4J2-1636
d65bf73c02adbf7e82bd2dc66649bad512b944f2	48117f8753b141f6a62dbb8cfda187bb88f667c0	LOG4J2-1636
d65bf73c02adbf7e82bd2dc66649bad512b944f2	d7f1919f239422dcc494c70a542e3f19c60c00b4	LOG4J2-1636
d65bf73c02adbf7e82bd2dc66649bad512b944f2	7230dbc6c02858617e09400ac0ea9b9f3c0066b3	LOG4J2-1636
d65bf73c02adbf7e82bd2dc66649bad512b944f2	6a23301660830fcd4728b1b952b607a9e1e26f65	LOG4J2-1636
d65bf73c02adbf7e82bd2dc66649bad512b944f2	8803998f3f430f119ebc213c7daaf8001ea4bb90	LOG4J2-1636
d65bf73c02adbf7e82bd2dc66649bad512b944f2	8ef7ac1b5218444c446da4bcf99323f196cde4ca	LOG4J2-1636
d65bf73c02adbf7e82bd2dc66649bad512b944f2	e6781f5e5789fed20fc4b0cbc3edb6c30dc012c5	LOG4J2-1636
d65bf73c02adbf7e82bd2dc66649bad512b944f2	edc7925d2ee00cbddd6856ddadd5f7d8a929ddfc	LOG4J2-1636
d65bf73c02adbf7e82bd2dc66649bad512b944f2	c6ecfc45b1482f2d2c3b98c1520cc657f2710f41	LOG4J2-1636
d65bf73c02adbf7e82bd2dc66649bad512b944f2	d8d2ac0854a08ec7286c3597bc0dcb033642f33c	LOG4J2-1636
d65bf73c02adbf7e82bd2dc66649bad512b944f2	60bcf168d45eb930e84d3eee9d3ed11d2f2da2ef	LOG4J2-1636
d65bf73c02adbf7e82bd2dc66649bad512b944f2	ed3c803f3def3a9cc80908bbca8b3abe5ed19170	LOG4J2-1636
d65bf73c02adbf7e82bd2dc66649bad512b944f2	2c85c5bb299e4beda110b2cc94b89e2b07725cc4	LOG4J2-1636
d65bf73c02adbf7e82bd2dc66649bad512b944f2	e2c1b6637475ce0c1d0335c6d947100deeaab0a7	LOG4J2-1636
d65bf73c02adbf7e82bd2dc66649bad512b944f2	b53d1193e679de0502f8a975a968ca9c526c76c2	LOG4J2-1636
d65bf73c02adbf7e82bd2dc66649bad512b944f2	67ce44fd86e57598a95ad7fe16280b7bc8fb9c08	LOG4J2-1636
d65bf73c02adbf7e82bd2dc66649bad512b944f2	5b01d1189bf1e18f7de71aa575c1bf1f11f592f2	LOG4J2-1636
d65bf73c02adbf7e82bd2dc66649bad512b944f2	38f1497e36ae872c8aa68a5ce302f1f0f732725d	LOG4J2-1636
d65bf73c02adbf7e82bd2dc66649bad512b944f2	1dee3936c6e0fe6458be4b89502f21f177dbe27b	LOG4J2-1636
d65bf73c02adbf7e82bd2dc66649bad512b944f2	4591f3fce2d5c65d7446ba8cfca20da5421165a2	LOG4J2-1636
d65bf73c02adbf7e82bd2dc66649bad512b944f2	2f38e4f622ab03228bda3b1c2f68aa4d58ff9b22	LOG4J2-1636
d65bf73c02adbf7e82bd2dc66649bad512b944f2	ae87a679f4a04a2b1f3458fe62e469ae806a7eb9	LOG4J2-1636
d65bf73c02adbf7e82bd2dc66649bad512b944f2	a1cd9dd42c4a12dc5bce723f0aff0e8eab332c6a	LOG4J2-1636
d65bf73c02adbf7e82bd2dc66649bad512b944f2	c1265b65f2d1bc47153823b512bb63eb02c0ec7a	LOG4J2-1636
d65bf73c02adbf7e82bd2dc66649bad512b944f2	6d42c1bc09bdf82b8df617e25f3ecc6aba4fd79d	LOG4J2-1636
d65bf73c02adbf7e82bd2dc66649bad512b944f2	c52adec170b39d2ad32445019e0103239b20e05b	LOG4J2-1636
d65bf73c02adbf7e82bd2dc66649bad512b944f2	74ce247e66739fea565240df8a94deeb6fbcacb6	LOG4J2-1636
d65bf73c02adbf7e82bd2dc66649bad512b944f2	9cfdd64210aeb0352fdb35975c881df8e00594b8	LOG4J2-1636
d65bf73c02adbf7e82bd2dc66649bad512b944f2	679c4aba6884b3241b62545452c7946b3a59d17c	LOG4J2-1636
d65bf73c02adbf7e82bd2dc66649bad512b944f2	09ad711dd5f5055665d4d95ffd4f78e4125b017f	LOG4J2-1636
d65bf73c02adbf7e82bd2dc66649bad512b944f2	ffc6c8f68d260e8e14b140f0f05cbc77081efc2c	LOG4J2-1636
d65bf73c02adbf7e82bd2dc66649bad512b944f2	a82794f06e3bc095ef0bca41b98c5d1ea915de76	LOG4J2-1636
d65bf73c02adbf7e82bd2dc66649bad512b944f2	61f706fc0a811c3184e941f2e8d1e012b5cbdb39	LOG4J2-1636
d65bf73c02adbf7e82bd2dc66649bad512b944f2	d7d1cf7d488ef73f01884ab30122c5bf7cd98393	LOG4J2-1636
d65bf73c02adbf7e82bd2dc66649bad512b944f2	06022018216a54d950ae34afa03f8786f6878f23	LOG4J2-1636
d65bf73c02adbf7e82bd2dc66649bad512b944f2	6b3d461fc37418c0e272d88d622443d9a2b603ad	LOG4J2-1636
d65bf73c02adbf7e82bd2dc66649bad512b944f2	0a85a77481e8ac289d36befb16828a99dd47cb96	LOG4J2-1636
d65bf73c02adbf7e82bd2dc66649bad512b944f2	edb3a8c23f408582c71503000bb096d3c316418e	LOG4J2-1636
d65bf73c02adbf7e82bd2dc66649bad512b944f2	935e72a9795ed99d20e977608bc0627d14c0cb57	LOG4J2-1636
d65bf73c02adbf7e82bd2dc66649bad512b944f2	e3e37ccbd6ff8237cc693d32a1b687589b11d059	LOG4J2-1636
d65bf73c02adbf7e82bd2dc66649bad512b944f2	d094151b8893815dcc023fe5b42c517b7a868704	LOG4J2-1636
d65bf73c02adbf7e82bd2dc66649bad512b944f2	5ae1f3feeb96c044294004daf2bead9c8f6b2588	LOG4J2-1636
d65bf73c02adbf7e82bd2dc66649bad512b944f2	721ad5b9dda38f757f337cf2c1eb0919c530498a	LOG4J2-1636
d65bf73c02adbf7e82bd2dc66649bad512b944f2	235955ab4ed2bd0a9a5256b1e0e3017eb7a90c4f	LOG4J2-1636
d65bf73c02adbf7e82bd2dc66649bad512b944f2	21ac645e0528b4f03ac7a448631ca1a8e341673b	LOG4J2-1636
d65bf73c02adbf7e82bd2dc66649bad512b944f2	977095f72b02afdadbc555371100b07c8825f90f	LOG4J2-1636
d65bf73c02adbf7e82bd2dc66649bad512b944f2	92cd3bd27dbeab62de63964bd3f916b0e7bd3369	LOG4J2-1636
d65bf73c02adbf7e82bd2dc66649bad512b944f2	e1d05b5f6a69098b5a0f7d0c749a7c0607b17bf7	LOG4J2-1636
d65bf73c02adbf7e82bd2dc66649bad512b944f2	29e7bfd0f230aad47dc852bac0464de9bd6f2316	LOG4J2-1636
d65bf73c02adbf7e82bd2dc66649bad512b944f2	291fbf007962c48afb2c86d772a596c4d29a9cf8	LOG4J2-1636
d65bf73c02adbf7e82bd2dc66649bad512b944f2	2ddd7e1552dfe428b7d2e09079fbfd2ce190876b	LOG4J2-1636
d65bf73c02adbf7e82bd2dc66649bad512b944f2	7dd6d7ac8dc9173e9f942a0490fe91602c5963b7	LOG4J2-1636
d65bf73c02adbf7e82bd2dc66649bad512b944f2	dcd39e65729112698c2b37633c0b9801318c6c49	LOG4J2-1636
d65bf73c02adbf7e82bd2dc66649bad512b944f2	f271b30ab9222cdb8db3b77d387795faa7cdd9da	LOG4J2-1636
d65bf73c02adbf7e82bd2dc66649bad512b944f2	d1c02ee5e3a863528dfad66a9bbd17c45d475a25	LOG4J2-1636
d65bf73c02adbf7e82bd2dc66649bad512b944f2	f8a96c056c85a178188f41b8fa44c7d167e1fdc3	LOG4J2-1636
d65bf73c02adbf7e82bd2dc66649bad512b944f2	205d64e41b49f9b7a07ce6cdb2412cb04f02b34e	LOG4J2-1636
d65bf73c02adbf7e82bd2dc66649bad512b944f2	bc2253f8038e82719df7a2f3ff33b13f1e6e6ebd	LOG4J2-1636
d65bf73c02adbf7e82bd2dc66649bad512b944f2	b288e2c28ea0ff601afd11a3cb23e5bdeb146154	LOG4J2-1636
d65bf73c02adbf7e82bd2dc66649bad512b944f2	8895cd65e6679d2563e246170dacd328005690fd	LOG4J2-1636
d65bf73c02adbf7e82bd2dc66649bad512b944f2	aa01c9b73777f7e54ff8281de1eb51fb5290ae70	LOG4J2-1636
d65bf73c02adbf7e82bd2dc66649bad512b944f2	41cb0afaf24e7c19c7a8a0131f83fd9778b6ea97	LOG4J2-1636
d65bf73c02adbf7e82bd2dc66649bad512b944f2	8baed04c9b99494e01e7981a8929cac87599e1e9	LOG4J2-1636
d65bf73c02adbf7e82bd2dc66649bad512b944f2	20c80a9407491b106bc0fb74c24c3a1a10a0fcbe	LOG4J2-1636
d65bf73c02adbf7e82bd2dc66649bad512b944f2	13b0dd8794f52facddb4a27ba7612ddbf7abef4b	LOG4J2-1636
d65bf73c02adbf7e82bd2dc66649bad512b944f2	42ae19fa1739c6658e8e865cee94fc0db9735e11	LOG4J2-1636
d65bf73c02adbf7e82bd2dc66649bad512b944f2	c3e6b79e0a963a4b34e13c7a4d57addc7e23b31e	LOG4J2-1636
d65bf73c02adbf7e82bd2dc66649bad512b944f2	b95a052ef1625c7d16e0eaae375b1b444a305322	LOG4J2-1636
d65bf73c02adbf7e82bd2dc66649bad512b944f2	e5ec31c070467da7f2598aafbca088864e122cd6	LOG4J2-1636
d65bf73c02adbf7e82bd2dc66649bad512b944f2	3133afd7fe98c3bd536bc04adbc9ad1b5730faf3	LOG4J2-1636
d65bf73c02adbf7e82bd2dc66649bad512b944f2	eb046150bf6d0b87a195f7808aebca3627222be6	LOG4J2-1636
d65bf73c02adbf7e82bd2dc66649bad512b944f2	91d34cbc651f59746ca9b7cf5e7487c846618ff9	LOG4J2-1636
d65bf73c02adbf7e82bd2dc66649bad512b944f2	db3100f198c50a2e20b46c0d62da5c3c30f608b8	LOG4J2-1636
d65bf73c02adbf7e82bd2dc66649bad512b944f2	a55be4549f01b06e7c0398545fef2693e04b8480	LOG4J2-1636
d65bf73c02adbf7e82bd2dc66649bad512b944f2	78c399827eb601c6db57a479a3c53cbf14b9ccd4	LOG4J2-1636
d65bf73c02adbf7e82bd2dc66649bad512b944f2	2366a71831f4a9c471a1805f83be33717bbdac52	LOG4J2-1636
d65bf73c02adbf7e82bd2dc66649bad512b944f2	03b2da963106a836dff570d4caf81e4cec1f3b38	LOG4J2-1636
d65bf73c02adbf7e82bd2dc66649bad512b944f2	ce5c1eb020930ca2fd39999b719cfb3990e1a161	LOG4J2-1636
d65bf73c02adbf7e82bd2dc66649bad512b944f2	0893ce6bdbdf746e3e1f39aefeeb60d761a306ca	LOG4J2-1636
d65bf73c02adbf7e82bd2dc66649bad512b944f2	2da70c3e2456dd67ff7c9d271c0cadd524ff9f6c	LOG4J2-1636
d65bf73c02adbf7e82bd2dc66649bad512b944f2	b43e8a359b65e457620cc90ca3d8c684601dbf4d	LOG4J2-1636
d65bf73c02adbf7e82bd2dc66649bad512b944f2	55e2ca55a6d7d0238a6a1c8c9e3f103943cd5901	LOG4J2-1636
d65bf73c02adbf7e82bd2dc66649bad512b944f2	d20bfb6e9aca66fd247085b87d5cf7bc83aa7ba7	LOG4J2-1636
d65bf73c02adbf7e82bd2dc66649bad512b944f2	530a697c24fab243a00379e61d8f3258ed67bb4d	LOG4J2-1636
d65bf73c02adbf7e82bd2dc66649bad512b944f2	44c1f6da4a0fae71c6fb5c9d0585b62454c69f07	LOG4J2-1636
d65bf73c02adbf7e82bd2dc66649bad512b944f2	3e6bb87f728a9da48d33cecf9dd02dd09bc1a330	LOG4J2-1636
d65bf73c02adbf7e82bd2dc66649bad512b944f2	6bedc20e375a54b7887ebff5b799f0612c314bf2	LOG4J2-1636
a686a4e8c66f2eefc7814962450eb18054ed8ab5	9b4cd842c81e71ae7f002703c7952dccfb5bddfb	LOG4J2-1779
a4e217c9ba3810a4e3677c8ba9a39345586bc4bf	23ced93951ad1037c9934dbe0471377a8e494eaa	LOG4J2-1985
a4e217c9ba3810a4e3677c8ba9a39345586bc4bf	4fe09d24ccc7d7a3b6ab1ccb0d6964eba9d5405c	LOG4J2-1985
a4e217c9ba3810a4e3677c8ba9a39345586bc4bf	8152f19351f19ec51cf047b79b80543fb7317120	LOG4J2-1985
a4e217c9ba3810a4e3677c8ba9a39345586bc4bf	e9875dc684e478331af75f665e4fc8351a9893ce	LOG4J2-1985
a4e217c9ba3810a4e3677c8ba9a39345586bc4bf	b87e4c740cabf44684a6a24a47a268ff2e797638	LOG4J2-1985
a4e217c9ba3810a4e3677c8ba9a39345586bc4bf	4c8d8a1f4cef01109aa1d48fada9b63b87bc634d	LOG4J2-1985
a4e217c9ba3810a4e3677c8ba9a39345586bc4bf	cdc19e40eb957ddfe7b36856eb2109386fddbcdc	LOG4J2-1985
a4e217c9ba3810a4e3677c8ba9a39345586bc4bf	34e3485570f35ef774b0af284f1da5eca7f32d0f	LOG4J2-1985
a4e217c9ba3810a4e3677c8ba9a39345586bc4bf	7b7bdfafb348caf59025c8f6efc530a78d0ff45f	LOG4J2-1985
a4e217c9ba3810a4e3677c8ba9a39345586bc4bf	d38dc8ac036e1aa0d36349377c81b0307f346632	LOG4J2-1985
a4e217c9ba3810a4e3677c8ba9a39345586bc4bf	68953fe60dc9f450d35cbb7d403702327e5267ad	LOG4J2-1985
a4e217c9ba3810a4e3677c8ba9a39345586bc4bf	167abba2ab81d20a0ab8f6a1c5f400759799a437	LOG4J2-1985
a4e217c9ba3810a4e3677c8ba9a39345586bc4bf	ce4492f633fb7e54805fd8a2b98cf2bc7c44a725	LOG4J2-1985
a4e217c9ba3810a4e3677c8ba9a39345586bc4bf	eb1f7a2a51bb3c6970a304d540d97f6f4393714b	LOG4J2-1985
a4e217c9ba3810a4e3677c8ba9a39345586bc4bf	7a5dcd43d559971caf3f00c55586f372ca4d9046	LOG4J2-1985
a4e217c9ba3810a4e3677c8ba9a39345586bc4bf	483d2ca31b3525079f956bff241da4125d1a8ed2	LOG4J2-1985
a4e217c9ba3810a4e3677c8ba9a39345586bc4bf	1bc44b66b86db518df9ec7b7176227a3d6915244	LOG4J2-1985
a4e217c9ba3810a4e3677c8ba9a39345586bc4bf	11e9a27eb9ee13c6c9a7b0e3203c88e07a2881ab	LOG4J2-1985
a4e217c9ba3810a4e3677c8ba9a39345586bc4bf	97e22a7f496410bddd3390c4c879f9eae51fe5ed	LOG4J2-1985
a4e217c9ba3810a4e3677c8ba9a39345586bc4bf	9075473bd1eedf830a47c7dd71d798b291bba5ee	LOG4J2-1985
a4e217c9ba3810a4e3677c8ba9a39345586bc4bf	6dd574cf1d94e32b9fa97e487eb5cd744864179e	LOG4J2-1985
a4e217c9ba3810a4e3677c8ba9a39345586bc4bf	a7f60a25a89126cd183ed5181ab526fcfbd213c2	LOG4J2-1985
a4e217c9ba3810a4e3677c8ba9a39345586bc4bf	f496c0ae2c529ef92c4ecd9199e5cf4437def01a	LOG4J2-1985
a4e217c9ba3810a4e3677c8ba9a39345586bc4bf	930cd8f8f2a51af7508530cb001ee0577b8ffed1	LOG4J2-1985
a4e217c9ba3810a4e3677c8ba9a39345586bc4bf	e11e58c6c34ca5bf3f8f19848853135a0e473fc0	LOG4J2-1985
a4e217c9ba3810a4e3677c8ba9a39345586bc4bf	71cb1ceda957ca3e4aa1bb648958631f59dc258a	LOG4J2-1985
a4e217c9ba3810a4e3677c8ba9a39345586bc4bf	c4b0b63012e29cdcde82af93907f77fd09ff4333	LOG4J2-1985
1a19f75dc2dafdefe5b848d63f759a5e90145ac4	fd396a252a371b752df0e1607bfd7e6dca25402f	LOG4J2-1414
f6341ad505c298fcf66c9b3183873cc5f6c4e844	78fe32c0d4643e6692bbcdc3ed754be90f647183	LOG4J2-873
f6341ad505c298fcf66c9b3183873cc5f6c4e844	4d84bd581ae1c7262f1ecab25d5947a4bfdd139a	LOG4J2-873
8f58d2fd7b94e2a47e7420c2079f1059b69db234	b7b9242619440744d5806ead76e91289d4e11d55	LOG4J2-1982
5633605dffc2179f9f4c3542344d9c5059f91501	6abbefce163a9c4288416508535b729c57ba5b66	LOG4J2-1501
e23faa6ab9491ecf763034abbbe6b1506b30228f	b581c150b60e7b71ac65654a723ec372b7f9bd73	LOG4J2-1506
ed9125b5a1bb8f9d9ea00fb845e6ed1960adac2d	3e6bb87f728a9da48d33cecf9dd02dd09bc1a330	LOG4J2-1744
898a2d9b5fbf83d57789a193214a410171658b19	78fe32c0d4643e6692bbcdc3ed754be90f647183	LOG4J2-1658
62c66644593b4cbaa39d11530ef658dc6c5fa529	3e6bb87f728a9da48d33cecf9dd02dd09bc1a330	LOG4J2-1530
a1cd9dd42c4a12dc5bce723f0aff0e8eab332c6a	6d284e08b8bb989a06a3b97ec01cd00b2c28dd44	LOG4J2-1618
a1cd9dd42c4a12dc5bce723f0aff0e8eab332c6a	923ffa30b4dde3d900bcc9b09cee998391823d0b	LOG4J2-1618
a1cd9dd42c4a12dc5bce723f0aff0e8eab332c6a	86fe4ca8740bd15f036d466178e273b0d9a54bb4	LOG4J2-1618
a1cd9dd42c4a12dc5bce723f0aff0e8eab332c6a	8986d92a643cf3e42a8346625b5234f3fe6f82c7	LOG4J2-1618
a1cd9dd42c4a12dc5bce723f0aff0e8eab332c6a	f91c118165b4893c1526267516a96a889d7ec736	LOG4J2-1618
a1cd9dd42c4a12dc5bce723f0aff0e8eab332c6a	e304b5289cf3be339f795706ddda5673f483a036	LOG4J2-1618
d41183adc1c76293b16bfb885b129f3e2d911417	9bdac4a085dbc54f90bea549e6238b36e64c506d	LOG4J2-1417
d41183adc1c76293b16bfb885b129f3e2d911417	9680581602af65eaee778e85affa9e4926acf1a2	LOG4J2-1417
fc0e07c23c23a1a12dd379a7c96cadf9d05f7d35	fc3d480db11df40c13b66c003ec545d3966ee86c	LOG4J2-1639
81b5806eb486e1e2bedc839565e05bb3f22b71be	051f701907497633504a7079f0bf16189ab61c22	LOG4J2-1712
81b5806eb486e1e2bedc839565e05bb3f22b71be	7c96ebce4d67a6e6cb4f64ee1407922346faf076	LOG4J2-1712
81b5806eb486e1e2bedc839565e05bb3f22b71be	f0fca5c213c2c4cf06338362874699ed61971b5e	LOG4J2-1712
81b5806eb486e1e2bedc839565e05bb3f22b71be	65dc9e860cff9e60d357867fb1488668c99cf049	LOG4J2-1712
81b5806eb486e1e2bedc839565e05bb3f22b71be	b87975b675e2f8faf2e628b210d16be9e771f4a4	LOG4J2-1712
81b5806eb486e1e2bedc839565e05bb3f22b71be	3e6bb87f728a9da48d33cecf9dd02dd09bc1a330	LOG4J2-1712
81b5806eb486e1e2bedc839565e05bb3f22b71be	7be34943065182713546670ba8ef013943553cda	LOG4J2-1712
a523dcd54b7b7b37b99e24a95d66608b793b4303	4cf4326f18338c09276e820474091cc418dff8f8	LOG4J2-1406
a902612d42f98743e833a2e086efae6bb7a2be65	051def230805c9d3fb0048acd6164dba3a28fa21	LOG4J2-2612
dbe8c3abce06c07a93c071e7d87c5ce6ce1a28c2	bb64f457730864b70e3b932c2156c5522245d909	LOG4J2-1529
dbe8c3abce06c07a93c071e7d87c5ce6ce1a28c2	e975a89f75f3d0200d5033b7286daded67756d6d	LOG4J2-1529
dbe8c3abce06c07a93c071e7d87c5ce6ce1a28c2	d5eaed8b4b9ffc075e58e0ffcaad27212d34626e	LOG4J2-1529
dbe8c3abce06c07a93c071e7d87c5ce6ce1a28c2	8494e1d93c8ba742e0ad7af0db00d06d91f1fd08	LOG4J2-1529
dbe8c3abce06c07a93c071e7d87c5ce6ce1a28c2	730a1cc7cc99f9e08cc8dd4a3c3e31ffc3a20f0f	LOG4J2-1529
dbe8c3abce06c07a93c071e7d87c5ce6ce1a28c2	7a3f8698c250aacb8fdf5ea19dc66ab61ec6af74	LOG4J2-1529
dbe8c3abce06c07a93c071e7d87c5ce6ce1a28c2	5b1c7366d345aa3e8a9941c5beb6e3ba509a08aa	LOG4J2-1529
dbe8c3abce06c07a93c071e7d87c5ce6ce1a28c2	f92062b431b69a480c6950fa965d2d213459a3fd	LOG4J2-1529
b5640d9edd471bbfba4d9e90ded958db9ce76b95	051def230805c9d3fb0048acd6164dba3a28fa21	LOG4J2-1885
48daa9a1471dc46ad129c7520d8d84f9d6050d9b	e6918932f8188c3b65a0e38d1f914c8415dc25d9	LOG4J2-1953
6d80ddf7ed92d65174b52fe946ae73d74f437d8b	4cf4326f18338c09276e820474091cc418dff8f8	LOG4J2-1409
7792679c3b1add777b489a0d698c11cd4f96ea8e	051def230805c9d3fb0048acd6164dba3a28fa21	LOG4J2-1402
7792679c3b1add777b489a0d698c11cd4f96ea8e	722aa88b62ef1ca26b44236e6e1f900340811655	LOG4J2-1402
7792679c3b1add777b489a0d698c11cd4f96ea8e	bf4afb3e308edd9556b4dbc30f5764fc3f36ea5f	LOG4J2-1402
3f45368597b8d47c4997963a4ecc5ae66f486a95	33f97a804b6f44364b59777713cd5a893c1b55a6	LOG4J2-1950
7da7e67c5bca37305a3ca64366a729d721610ef0	1385af875a8a73d47997d3d52d0f4686a852ce04	LOG4J2-1610
0f70fe7e16aefee30a9ece78c33717c8abe97efc	4cf4326f18338c09276e820474091cc418dff8f8	LOG4J2-1858
7091591ae33b9feb3b5531b466e7a825d7df99b1	33e7ab30b95c34e4229157a99e3771dffb99be06	LOG4J2-1591
62e348b3e44c6328b7b04d69ec7fc5d82950fa34	fff2b1d0de223252055ba9ca794e858dcb6fadcf	LOG4J2-1818
00a7ee1608ae681f87f2b9e4d37cde84c43c4d98	93b9a4b26bfbacf9a86aabbcc96b6f5bdd9fa854	LOG4J2-1608
00a7ee1608ae681f87f2b9e4d37cde84c43c4d98	80c9dcbeaed4976649ad5398fff2d3b1540d9cb7	LOG4J2-1608
00a7ee1608ae681f87f2b9e4d37cde84c43c4d98	a280611c9a44bb67cf00bd0b962628c5ef617c6d	LOG4J2-1608
00a7ee1608ae681f87f2b9e4d37cde84c43c4d98	46dc92deb9cfeaebdef83f5179190409b4eaddae	LOG4J2-1608
00a7ee1608ae681f87f2b9e4d37cde84c43c4d98	7a81b7eca777e592b6478db68307b396e6b1cf52	LOG4J2-1608
00a7ee1608ae681f87f2b9e4d37cde84c43c4d98	aa3c3595c2b116b6e50fe2a0a8633dde943944ae	LOG4J2-1608
00a7ee1608ae681f87f2b9e4d37cde84c43c4d98	f5878ea3a3dfa6274da961fb1ad7bc4508f685df	LOG4J2-1608
00a7ee1608ae681f87f2b9e4d37cde84c43c4d98	fb0974f51d39b4f3e68e3933000967327f666919	LOG4J2-1608
00a7ee1608ae681f87f2b9e4d37cde84c43c4d98	88980b017bc23d2e687521cc0812f752c73dffc0	LOG4J2-1608
00a7ee1608ae681f87f2b9e4d37cde84c43c4d98	adc263b6edcb6fe7ac320a0762752076a8c2bb0c	LOG4J2-1608
00a7ee1608ae681f87f2b9e4d37cde84c43c4d98	53320c02916fdb72e4dfc093de855faabba6ea18	LOG4J2-1608
00a7ee1608ae681f87f2b9e4d37cde84c43c4d98	b918f7bfc0cebc009a7aa6bc1d0cc4de04f7d56d	LOG4J2-1608
00a7ee1608ae681f87f2b9e4d37cde84c43c4d98	0bdbf17b54b941aefbdb1a513313c5b653e7bba5	LOG4J2-1608
c4506b965cce2fb380f630c85d30eb179adf0907	d17e9fc456d59de05409f1278a5d2bb106358f3e	LOG4J2-907
c4506b965cce2fb380f630c85d30eb179adf0907	27b1fee717a349a28933ef932dfc48fc2a308d8e	LOG4J2-907
947ca3bc19a7adf0d9471852d406d4ffb8e1fe5b	23ced93951ad1037c9934dbe0471377a8e494eaa	LOG4J2-1852
532024a43b99c41de02c85f76ceb4c591820b73e	d21f759525762a97f310a38997f52c227fcc5617	LOG4J2-1820
532024a43b99c41de02c85f76ceb4c591820b73e	86751f4721a886d2c284da0258e30cd7e70ca2c4	LOG4J2-1820
32671cdacca41734c2bfdbdc732eba82af301d0c	c14ff0762d432fb612e40c35ef2644fea970c021	LOG4J2-1734
3d87ed70a04568426d06b4f10f005e0222c1995b	3e6bb87f728a9da48d33cecf9dd02dd09bc1a330	LOG4J2-1719
3d87ed70a04568426d06b4f10f005e0222c1995b	0a6ce817ae5c2e8e1a03499b850f0db4f87e3f8b	LOG4J2-1719
3d87ed70a04568426d06b4f10f005e0222c1995b	1ea366f64f1348bfc054fb5f73b6a494a5256b89	LOG4J2-1719
ea72ac7023f15b2f585f56d6d6b7b9d936021ad9	d21f759525762a97f310a38997f52c227fcc5617	LOG4J2-1849
ea72ac7023f15b2f585f56d6d6b7b9d936021ad9	86751f4721a886d2c284da0258e30cd7e70ca2c4	LOG4J2-1849
d7705a0ba344bb47c6fbbbcf96ef84ffc2731eb5	dae13861199f5f255fb33b752e5adaddf4ca4172	LOG4J2-1602
be80bebc412c1d073a4e252e676a90cefa9e1afe	23ced93951ad1037c9934dbe0471377a8e494eaa	LOG4J2-676
646bbafbab29210910d3fe8f26eb6e11bc6a918a	f1251b962db9a0fba7c1ea0f47d8b5324b5292f3	LOG4J2-1725
646bbafbab29210910d3fe8f26eb6e11bc6a918a	b7b9242619440744d5806ead76e91289d4e11d55	LOG4J2-1725
d9c9dd9aa8c0eb3ef422fb7f942f804b21d8dbb7	3e6bb87f728a9da48d33cecf9dd02dd09bc1a330	LOG4J2-804
ddf89cd649f5247563f2b419dc8903e3964b10e5	a1886e05b260c8cba5636e33b98f007e83b67c6d	LOG4J2-964
aea9cc0a2cc9d8ac709bc98bb357204d44451416	c6171ba68d1641454879bfa20cbc2c5333b66a4d	LOG4J2-709
96eb72e3ca8f5b7e1935c9d7a11dd1932a516374	78fe32c0d4643e6692bbcdc3ed754be90f647183	LOG4J2-1934
96eb72e3ca8f5b7e1935c9d7a11dd1932a516374	4b7e3e229f155b280966d99349c8ef7a7f605cfa	LOG4J2-1934
12f91ebc700ea7f4a57306a4d84fce2f75f8442b	23ced93951ad1037c9934dbe0471377a8e494eaa	LOG4J2-1806
494c04d1db18a89efb57e768a3167948fd13fad1	9b4cd842c81e71ae7f002703c7952dccfb5bddfb	LOG4J2-948
494c04d1db18a89efb57e768a3167948fd13fad1	03f0a87ee1ffbabd3fbcdc43b275207b73eb3557	LOG4J2-948
494c04d1db18a89efb57e768a3167948fd13fad1	9e7254d0db9f3949b2d7431ac37d30d224973ae7	LOG4J2-948
494c04d1db18a89efb57e768a3167948fd13fad1	c19d05456e0753dd2d9460945e61c24bdc1c437f	LOG4J2-948
8086bdc67ec20bf3e7d09a69a889905ad665a707	53905cbf2c7a1421d6b582d986fd163dcb814483	LOG4J2-707
8086bdc67ec20bf3e7d09a69a889905ad665a707	3e6bb87f728a9da48d33cecf9dd02dd09bc1a330	LOG4J2-707
8086bdc67ec20bf3e7d09a69a889905ad665a707	27b1fee717a349a28933ef932dfc48fc2a308d8e	LOG4J2-707
8086bdc67ec20bf3e7d09a69a889905ad665a707	d17e9fc456d59de05409f1278a5d2bb106358f3e	LOG4J2-707
8086bdc67ec20bf3e7d09a69a889905ad665a707	e9a6ec8929ccaf84cbd23e358c8f97c3a9863d4d	LOG4J2-707
5bce0e3e05a74310e18bc538abfcaaa07dfdd2a8	acdbac98e07e10debf62518c0137c62a38d5cd56	LOG4J2-1925
5bce0e3e05a74310e18bc538abfcaaa07dfdd2a8	dae13861199f5f255fb33b752e5adaddf4ca4172	LOG4J2-1925
5bce0e3e05a74310e18bc538abfcaaa07dfdd2a8	86fe0b700d1f9091907e7f91dab278d80282b152	LOG4J2-1925
5bce0e3e05a74310e18bc538abfcaaa07dfdd2a8	54086b91c47eef712e9a483a5c3683f50d9d7919	LOG4J2-1925
5bce0e3e05a74310e18bc538abfcaaa07dfdd2a8	051def230805c9d3fb0048acd6164dba3a28fa21	LOG4J2-1925
5bce0e3e05a74310e18bc538abfcaaa07dfdd2a8	b545b70ee556766a692430168edf8f7915b1c574	LOG4J2-1925
000de2cde6a745c945e7575313ac6fbe841a4b49	47c2851ca98aae7bc12707e871ea42cd1ca95b17	LOG4J2-945
13f003c22617702acfa413949197fde134b3065a	09818564bc734d3a33574e242bb252fc49ff0815	LOG4J2-59
34cc745705b0c33d79ef326032edf9cb212fc26f	5e48367f9075a5672cac247f74434295e58459f6	LOG4J2-705
cb631914cef1cd27a2bba38bb13977f02a1bb5be	887743e5422124b71ec612fb5680a69934359aef	LOG4J2-1914
556cea011dce61f3e9bc3f3518320080602b853c	a1886e05b260c8cba5636e33b98f007e83b67c6d	LOG4J2-602
3378d735730f4e5e7561dfb320fcd22706902967	cd7ad1e4fa9cc81b2e310540d78fcc229c1aec1b	LOG4J2-378
ff0797ae5629ce783da5102042276fa9270ef966	23ced93951ad1037c9934dbe0471377a8e494eaa	LOG4J2-966
10a942c945fd8f61007511d46b4e1ef3f60021fb	3e6bb87f728a9da48d33cecf9dd02dd09bc1a330	LOG4J2-2085
10a942c945fd8f61007511d46b4e1ef3f60021fb	37f8e9e0f6e2c04951b9ca8262bb6ce4c966fd49	LOG4J2-2085
25a780e957f7815c67bad148acc5b9b53e674e59	3e6bb87f728a9da48d33cecf9dd02dd09bc1a330	LOG4J2-1280
6d21e4fcfb4681fbe962b99378ceba6231e770e2	b7b9242619440744d5806ead76e91289d4e11d55	LOG4J2-962
67ea5ea23f4d25c3e827897c0d4b78c09722ef71	051def230805c9d3fb0048acd6164dba3a28fa21	LOG4J2-722
ba4c4c52673b547dbf4be079b3aab3030ed2960e	8a603d95a463c77e3d342e8c952424abe6c35339	LOG4J2-200
ba4c4c52673b547dbf4be079b3aab3030ed2960e	5e48367f9075a5672cac247f74434295e58459f6	LOG4J2-200
924a476c30ea7fc0b834c0d8f1ca13351837124b	0a7e3a42a25c6c60ff8c903963a004c1a49911b5	LOG4J2-834
fc098dd6ec84c311177993c1ac11b7cf4f419345	88f0d0181b32d33a13ad164628e49f47fbf037d8	LOG4J2-993
4df3a6b051ff1c44b7fcf56cb9f1c63151564510	3e6bb87f728a9da48d33cecf9dd02dd09bc1a330	LOG4J2-510
a3990ac03be0f6ddddc44a79b42d5353a2e00aa1	7b6531252012c7d7af75d1904e3b14dea8fdd210	LOG4J2-990
1afb9258b125a710f29c219c7b7c11e9bb11ce82	051def230805c9d3fb0048acd6164dba3a28fa21	LOG4J2-710
b7dc4607b8aef1e8ca2f4b33f9563987cb569892	051def230805c9d3fb0048acd6164dba3a28fa21	LOG4J2-987
989d894c1c6e1aa904751b6de30d62b67746414b	3e6bb87f728a9da48d33cecf9dd02dd09bc1a330	LOG4J2-989
8723598057dd938be060961988f6d460f82dfe90	3e6bb87f728a9da48d33cecf9dd02dd09bc1a330	LOG4J2-988
09633b6866d67e7fcdb45aefe0f7b4b622a716f3	a58b8ff7e0bd8cebff2ccdd7de14c7c401548668	LOG4J2-622
5a438a988953d9654ac4ae6f49735cbce6692c94	fd396a252a371b752df0e1607bfd7e6dca25402f	LOG4J2-735
f0c5084d627a00b1008a0e9fc896738dabb8b146	f5b9ed0ef85f7668618f7792b028dc7eee318adb	LOG4J2-738
ecfb1d236eb5f12a809b41b757f44461980f37bd	051def230805c9d3fb0048acd6164dba3a28fa21	LOG4J2-980
a6b1cbfc9d4257baaa6760e58426f0f4dfa99b0f	3e6bb87f728a9da48d33cecf9dd02dd09bc1a330	LOG4J2-760
f07465bd57ff31f943e26774b0d1aabf21e82289	9371266e5f2afb2df8eee6721f372b0894f7c9c8	LOG4J2-2289
3efa9d41eaeb118bd5de28613d32e99cbfe0de01	9b4cd842c81e71ae7f002703c7952dccfb5bddfb	LOG4J2-613
bb387360051334a247ce395880d28bb7eedfd974	9b4cd842c81e71ae7f002703c7952dccfb5bddfb	LOG4J2-974
36ab2901c005c4341e543cff2720a2b60949e773	27b1fee717a349a28933ef932dfc48fc2a308d8e	LOG4J2-773
2cfc94b9e161b607c3c8d88bccc82f90651f61c8	e6918932f8188c3b65a0e38d1f914c8415dc25d9	LOG4J2-651
cd04ac2be0d0a9614891d48e547772691c8ad250	09818564bc734d3a33574e242bb252fc49ff0815	LOG4J2-891
ec1b3c2b5ed684d2283f5d7df31d4d8b1af53901	6def026b7763cda74bb1a22a58c351a2f24ce1e9	LOG4J2-2283
30ff0574e7d32278bc1945ef2feb9bc520011248	f5b9ed0ef85f7668618f7792b028dc7eee318adb	LOG4J2-1077
a8822c279b5a5a7bdd14c2ae4770f6ffa2786ce1	01b9b41e738c27c9ea47efd9b5b09af9409f6c90	LOG4J2-1196
a8822c279b5a5a7bdd14c2ae4770f6ffa2786ce1	ef245ced530e6cc8c1a035bf60e50f580fd7e0ea	LOG4J2-1196
a8822c279b5a5a7bdd14c2ae4770f6ffa2786ce1	9fd575f0d0ff8958439eb3a760eb46a4c15993c1	LOG4J2-1196
a8822c279b5a5a7bdd14c2ae4770f6ffa2786ce1	63c13d353e4175688d475cb4f0c3ce22b82d0ff8	LOG4J2-1196
a8822c279b5a5a7bdd14c2ae4770f6ffa2786ce1	c258afe2dcfb541176ce9ccb8d7e6dc1bcf39920	LOG4J2-1196
a8822c279b5a5a7bdd14c2ae4770f6ffa2786ce1	10300a0e5dd1ca1a16eeac3a7f672f1bc79fc290	LOG4J2-1196
a8822c279b5a5a7bdd14c2ae4770f6ffa2786ce1	f0ed39a2cff5246728838a61486541524486b976	LOG4J2-1196
a8822c279b5a5a7bdd14c2ae4770f6ffa2786ce1	bf222249d54b6958e0bee4006958e661a25dfa97	LOG4J2-1196
a8822c279b5a5a7bdd14c2ae4770f6ffa2786ce1	744a2bf6755e168a0753124baa0d06e2a22d9c5c	LOG4J2-1196
a8822c279b5a5a7bdd14c2ae4770f6ffa2786ce1	272e5b1ca8926927ae277ea8d1aeb3244548a69c	LOG4J2-1196
a8822c279b5a5a7bdd14c2ae4770f6ffa2786ce1	fa83ca58377886cd3c9bed87df9c42c9fccb0fc3	LOG4J2-1196
a8822c279b5a5a7bdd14c2ae4770f6ffa2786ce1	388595a1bcfc2d42721aff3e8f4f8f4001f1f05d	LOG4J2-1196
a8822c279b5a5a7bdd14c2ae4770f6ffa2786ce1	b581c150b60e7b71ac65654a723ec372b7f9bd73	LOG4J2-1196
a8822c279b5a5a7bdd14c2ae4770f6ffa2786ce1	4de79c35d2caf78bbff4bc59a58ef09903d86fc2	LOG4J2-1196
6cd8112119090b175a96a13a50372d527c944e00	93b9a4b26bfbacf9a86aabbcc96b6f5bdd9fa854	LOG4J2-1194
6cd8112119090b175a96a13a50372d527c944e00	80c9dcbeaed4976649ad5398fff2d3b1540d9cb7	LOG4J2-1194
6cd8112119090b175a96a13a50372d527c944e00	a280611c9a44bb67cf00bd0b962628c5ef617c6d	LOG4J2-1194
6cd8112119090b175a96a13a50372d527c944e00	46dc92deb9cfeaebdef83f5179190409b4eaddae	LOG4J2-1194
6cd8112119090b175a96a13a50372d527c944e00	7a81b7eca777e592b6478db68307b396e6b1cf52	LOG4J2-1194
6cd8112119090b175a96a13a50372d527c944e00	aa3c3595c2b116b6e50fe2a0a8633dde943944ae	LOG4J2-1194
6cd8112119090b175a96a13a50372d527c944e00	f5878ea3a3dfa6274da961fb1ad7bc4508f685df	LOG4J2-1194
6cd8112119090b175a96a13a50372d527c944e00	fb0974f51d39b4f3e68e3933000967327f666919	LOG4J2-1194
6cd8112119090b175a96a13a50372d527c944e00	88980b017bc23d2e687521cc0812f752c73dffc0	LOG4J2-1194
6cd8112119090b175a96a13a50372d527c944e00	adc263b6edcb6fe7ac320a0762752076a8c2bb0c	LOG4J2-1194
6cd8112119090b175a96a13a50372d527c944e00	53320c02916fdb72e4dfc093de855faabba6ea18	LOG4J2-1194
6cd8112119090b175a96a13a50372d527c944e00	b918f7bfc0cebc009a7aa6bc1d0cc4de04f7d56d	LOG4J2-1194
6cd8112119090b175a96a13a50372d527c944e00	0bdbf17b54b941aefbdb1a513313c5b653e7bba5	LOG4J2-1194
a925bb463fe535fa893f084420937ec07538cbf7	3e6bb87f728a9da48d33cecf9dd02dd09bc1a330	LOG4J2-893
6804e64951a9f2163bd416296f75255d613f8534	3e6bb87f728a9da48d33cecf9dd02dd09bc1a330	LOG4J2-2163
deb6937f7d664d4b88aaa8e20a892a601d86640e	e43ce0b99e586911ac3e6f52d4cfe035e6e38066	LOG4J2-892
9bc81445a49e2d520ed458aa9af2eed7de0f4645	e9a6ec8929ccaf84cbd23e358c8f97c3a9863d4d	LOG4J2-645
09748f9abcd07d51d94128b8809b405c2bfc4a2a	54bb01800239d73bcf4bd856f1174091dfc06567	LOG4J2-405
09748f9abcd07d51d94128b8809b405c2bfc4a2a	9a89ba1a8a3910de34d03e86dd4b5858357f9565	LOG4J2-405
09748f9abcd07d51d94128b8809b405c2bfc4a2a	eb046150bf6d0b87a195f7808aebca3627222be6	LOG4J2-405
09748f9abcd07d51d94128b8809b405c2bfc4a2a	db3100f198c50a2e20b46c0d62da5c3c30f608b8	LOG4J2-405
09748f9abcd07d51d94128b8809b405c2bfc4a2a	c1a68362fd7c94b1f8bf248759e9279a2fc5775d	LOG4J2-405
09748f9abcd07d51d94128b8809b405c2bfc4a2a	3e6bb87f728a9da48d33cecf9dd02dd09bc1a330	LOG4J2-405
09748f9abcd07d51d94128b8809b405c2bfc4a2a	bdbe11bdfd8b17d938f672a55be00dfcf064fac3	LOG4J2-405
09748f9abcd07d51d94128b8809b405c2bfc4a2a	9b0d2e8c54b336478e7507db97ce89df57225dbf	LOG4J2-405
09748f9abcd07d51d94128b8809b405c2bfc4a2a	752694707f7093a64b6969c67d8a6124a118fc1e	LOG4J2-405
09748f9abcd07d51d94128b8809b405c2bfc4a2a	dcd734d42056f36fb2e4d2b95ed3aef8a436bf9d	LOG4J2-405
09748f9abcd07d51d94128b8809b405c2bfc4a2a	e020097a363743ebe887b88f215c8ed98e03c232	LOG4J2-405
09748f9abcd07d51d94128b8809b405c2bfc4a2a	e8942dc7bfd096ecb78d174ff5ab8c919783c5ad	LOG4J2-405
09748f9abcd07d51d94128b8809b405c2bfc4a2a	2fdf5ef69d4f3172fea0838e2375078f5866e345	LOG4J2-405
09748f9abcd07d51d94128b8809b405c2bfc4a2a	d07a7db14dca9217305e0e54c3e9e7c3741e2334	LOG4J2-405
6686625ba69c4fe80d1b2ca7932a6f5de8bb4bb8	b7b9242619440744d5806ead76e91289d4e11d55	LOG4J2-1069
6686625ba69c4fe80d1b2ca7932a6f5de8bb4bb8	3e6f006776ccdba833bcb57f0b36509df64b036c	LOG4J2-1069
6686625ba69c4fe80d1b2ca7932a6f5de8bb4bb8	e9a6ec8929ccaf84cbd23e358c8f97c3a9863d4d	LOG4J2-1069
6686625ba69c4fe80d1b2ca7932a6f5de8bb4bb8	def5c74cf4f10798535b61ce190c1e34a0a673d1	LOG4J2-1069
6686625ba69c4fe80d1b2ca7932a6f5de8bb4bb8	1b4c108061b730fd6626a6414a937b746e35f95e	LOG4J2-1069
6686625ba69c4fe80d1b2ca7932a6f5de8bb4bb8	1985a758eee2fc680faa4c2972a127519c705fa8	LOG4J2-1069
6686625ba69c4fe80d1b2ca7932a6f5de8bb4bb8	db3100f198c50a2e20b46c0d62da5c3c30f608b8	LOG4J2-1069
45517769e19e57e1cf2c399e7884a59ff335e60c	f5b9ed0ef85f7668618f7792b028dc7eee318adb	LOG4J2-335
f3a1268e333d72431df7faa1757ceb44520ae311	051def230805c9d3fb0048acd6164dba3a28fa21	LOG4J2-268
82032fc6a0c4882f74334bc872a6ed8e16d3c271	d5eaed8b4b9ffc075e58e0ffcaad27212d34626e	LOG4J2-2032
82032fc6a0c4882f74334bc872a6ed8e16d3c271	8494e1d93c8ba742e0ad7af0db00d06d91f1fd08	LOG4J2-2032
82032fc6a0c4882f74334bc872a6ed8e16d3c271	730a1cc7cc99f9e08cc8dd4a3c3e31ffc3a20f0f	LOG4J2-2032
82032fc6a0c4882f74334bc872a6ed8e16d3c271	7a3f8698c250aacb8fdf5ea19dc66ab61ec6af74	LOG4J2-2032
82032fc6a0c4882f74334bc872a6ed8e16d3c271	5b1c7366d345aa3e8a9941c5beb6e3ba509a08aa	LOG4J2-2032
82032fc6a0c4882f74334bc872a6ed8e16d3c271	f92062b431b69a480c6950fa965d2d213459a3fd	LOG4J2-2032
aceba9ffec14ad5294136527b857d3f629262c4e	3e6bb87f728a9da48d33cecf9dd02dd09bc1a330	LOG4J2-1061
aceba9ffec14ad5294136527b857d3f629262c4e	d81627fe7e82db68495515b39e2068f85f4672c0	LOG4J2-1061
aceba9ffec14ad5294136527b857d3f629262c4e	e9a6ec8929ccaf84cbd23e358c8f97c3a9863d4d	LOG4J2-1061
aceba9ffec14ad5294136527b857d3f629262c4e	bc466b443e7f0470dcb9edfd1ff00aa1c1ff2488	LOG4J2-1061
965c9342bcfa30465634af41294d10b8537e0db6	051def230805c9d3fb0048acd6164dba3a28fa21	LOG4J2-634
fb5e7305796d18d7a69ec2ce1a76ad6ae793e77c	9b4cd842c81e71ae7f002703c7952dccfb5bddfb	LOG4J2-1342
74df59c51ff62589ec9b9e7df11c27b9b88edc51	7082a2674ca4abe0f390cd0ee6bb1c4a3d4d6107	LOG4J2-306
74df59c51ff62589ec9b9e7df11c27b9b88edc51	6b0fbcb5b0754db62d173220a9d7dad09c5a70ab	LOG4J2-306
74df59c51ff62589ec9b9e7df11c27b9b88edc51	3e6bb87f728a9da48d33cecf9dd02dd09bc1a330	LOG4J2-306
74df59c51ff62589ec9b9e7df11c27b9b88edc51	a1886e05b260c8cba5636e33b98f007e83b67c6d	LOG4J2-306
74df59c51ff62589ec9b9e7df11c27b9b88edc51	f5b9ed0ef85f7668618f7792b028dc7eee318adb	LOG4J2-306
a2ae375c61099f12ab94d2ad79ee6a71f7030de9	e6918932f8188c3b65a0e38d1f914c8415dc25d9	LOG4J2-1099
1233867472061beacc9361b05498016ca56f3304	051def230805c9d3fb0048acd6164dba3a28fa21	LOG4J2-2061
f2b8aae3db89aec0c0496ae29663c3520ac9af27	d89d2d276c781a8238c8f12057eac2f59787cf58	LOG4J2-2182
f2b8aae3db89aec0c0496ae29663c3520ac9af27	1712977394961f937a828c4db2d3cb1a101d0aa1	LOG4J2-2182
f2b8aae3db89aec0c0496ae29663c3520ac9af27	3e6bb87f728a9da48d33cecf9dd02dd09bc1a330	LOG4J2-2182
4632c485a06166bd2ef92060d6391d429e8adfad	3e6bb87f728a9da48d33cecf9dd02dd09bc1a330	LOG4J2-2060
86ad794088587551f19fd61e7c13bcc004a05a02	f5b9ed0ef85f7668618f7792b028dc7eee318adb	LOG4J2-551
8ca5826e4f7159cb06bff542aa84a591a0030899	051def230805c9d3fb0048acd6164dba3a28fa21	LOG4J2-542
23225ddd1053bdeefc2cc37e9f8fc783fe0319ce	7a692de0a2587cd8fed30a1e9f7372231576a77f	LOG4J2-783
23225ddd1053bdeefc2cc37e9f8fc783fe0319ce	75078b9568a109e1ab693356242cd7c0a1ccb0f2	LOG4J2-783
23225ddd1053bdeefc2cc37e9f8fc783fe0319ce	1b2f73e1f938df58d1b6151697f357e1814064d0	LOG4J2-783
23225ddd1053bdeefc2cc37e9f8fc783fe0319ce	cea2ca86d11590f420bbdaed36af6ef54776f310	LOG4J2-783
23225ddd1053bdeefc2cc37e9f8fc783fe0319ce	fd3dba710b2ce9e8ee48e64ba09b31b2dca0dc04	LOG4J2-783
23225ddd1053bdeefc2cc37e9f8fc783fe0319ce	b86ff20253405e66e38aa5772cb138e0d95939d7	LOG4J2-783
23225ddd1053bdeefc2cc37e9f8fc783fe0319ce	6d24336481b4e01ed17feeb277fc31f6aeb0d12a	LOG4J2-783
23225ddd1053bdeefc2cc37e9f8fc783fe0319ce	08b3ce974b71223bcc261d96e16f4ef73a09328a	LOG4J2-783
23225ddd1053bdeefc2cc37e9f8fc783fe0319ce	a3a5fdd7ed90923ed4798e4738ce6e4067053744	LOG4J2-783
23225ddd1053bdeefc2cc37e9f8fc783fe0319ce	e3acc6be30e0ed6e483fd5448dbed2a9a7b984d7	LOG4J2-783
23225ddd1053bdeefc2cc37e9f8fc783fe0319ce	3e2566230fb02e5fbd538cd61c5897a983383ca0	LOG4J2-783
23225ddd1053bdeefc2cc37e9f8fc783fe0319ce	122295cbdd7bd16a3041790712a2b1ef8244edf0	LOG4J2-783
23225ddd1053bdeefc2cc37e9f8fc783fe0319ce	ee4508eee2d62304fa3688863d35bd410096cc66	LOG4J2-783
23225ddd1053bdeefc2cc37e9f8fc783fe0319ce	36eeeb83ad891c5e9b408c290fb8b57914ea5d6f	LOG4J2-783
23225ddd1053bdeefc2cc37e9f8fc783fe0319ce	97203de834fc64412572e17a7513a22c85aa7aed	LOG4J2-783
23225ddd1053bdeefc2cc37e9f8fc783fe0319ce	792b64c1fc12fe6ccbd818c4d44870717a6e31ff	LOG4J2-783
23225ddd1053bdeefc2cc37e9f8fc783fe0319ce	a747df5a7322e61c4dd3e8013253ee13ae737e95	LOG4J2-783
bf12a5a4cd5390bd1f6e2278304f864d25b6e2bf	fff2b1d0de223252055ba9ca794e858dcb6fadcf	LOG4J2-304
bf12a5a4cd5390bd1f6e2278304f864d25b6e2bf	66e797329937213f27fbdf9b01c2d39755ec54b8	LOG4J2-304
b264c2188000debfb7e669c5dd5fac4e41ee4cc3	54d2b659491658b649e40c793e8c9f70db7a7374	LOG4J2-669
b264c2188000debfb7e669c5dd5fac4e41ee4cc3	fd7e540598de6f4ad26d2256fbaec82d74014c3d	LOG4J2-669
f3bf454128659f04607c7b1b0c67383c0999573f	7a692de0a2587cd8fed30a1e9f7372231576a77f	LOG4J2-659
f3bf454128659f04607c7b1b0c67383c0999573f	c531fac9a5d1215576c8227ef8028c15b9cd2c46	LOG4J2-659
f3bf454128659f04607c7b1b0c67383c0999573f	db2323ed7b86518335dc0a8241de5df1c653a6a7	LOG4J2-659
f3bf454128659f04607c7b1b0c67383c0999573f	b7ec6c8adb38fabdbcbdf55c664cdb8de35ce7e5	LOG4J2-659
f3bf454128659f04607c7b1b0c67383c0999573f	b687abcb9aa2cc283a4977ad538d8a41f2041f7f	LOG4J2-659
f3bf454128659f04607c7b1b0c67383c0999573f	a9088defe3f22b79e9e81d006a4fe745b25d936a	LOG4J2-659
f3bf454128659f04607c7b1b0c67383c0999573f	719ee2c65f0a5b9b3dcd7554ee433114b30a2da8	LOG4J2-659
f3bf454128659f04607c7b1b0c67383c0999573f	1d9ce21e0267857522e92f89d3badad293461f77	LOG4J2-659
f3bf454128659f04607c7b1b0c67383c0999573f	753e308ddda415b1025afbd1b8f65ff656b1c60b	LOG4J2-659
f3bf454128659f04607c7b1b0c67383c0999573f	5a3f467084965c0e01434146ad831292f169e978	LOG4J2-659
f3bf454128659f04607c7b1b0c67383c0999573f	ce2ceec67fcbacd03d0c5f8d29bf498f1cf2ab94	LOG4J2-659
f3bf454128659f04607c7b1b0c67383c0999573f	798ac9883b824819412ad81a43cf33b94ed757fb	LOG4J2-659
f3bf454128659f04607c7b1b0c67383c0999573f	3a81698ee79b4d04767dccf432976742076ec92d	LOG4J2-659
f3bf454128659f04607c7b1b0c67383c0999573f	e747caf9777c71dc356f69c160d5f7bb0dc22b42	LOG4J2-659
f3bf454128659f04607c7b1b0c67383c0999573f	c9d9d58e860521a4b7a6627a32f2d583db3b16ef	LOG4J2-659
f3bf454128659f04607c7b1b0c67383c0999573f	3c524ea93f69294d543f3b37d11d0b1afa936a21	LOG4J2-659
f3bf454128659f04607c7b1b0c67383c0999573f	f896d0d7a0ef724bd8ee2e4a353664884a2e6f86	LOG4J2-659
f3bf454128659f04607c7b1b0c67383c0999573f	6d24336481b4e01ed17feeb277fc31f6aeb0d12a	LOG4J2-659
f3bf454128659f04607c7b1b0c67383c0999573f	cc0bb50f6ea6f488533de49248e997cdcc7e98dd	LOG4J2-659
f3bf454128659f04607c7b1b0c67383c0999573f	d06af3dfe9bcc292aaef37459506cb801858d6bd	LOG4J2-659
f3bf454128659f04607c7b1b0c67383c0999573f	e03e75b2b567cdd5d168627896db62de0776cda9	LOG4J2-659
f3bf454128659f04607c7b1b0c67383c0999573f	f61206d194a45c16d946bbbfe0fdfcbae053ad28	LOG4J2-659
f3bf454128659f04607c7b1b0c67383c0999573f	76aea4f885cb2ef267ec2fc5889a54ce0013bcf1	LOG4J2-659
f3bf454128659f04607c7b1b0c67383c0999573f	ab7c5f0e6b999f221a3f2d95f34bb9bb19a017fc	LOG4J2-659
f3bf454128659f04607c7b1b0c67383c0999573f	b806a5cb92c8f4f4ccc9931c30d60190b48c423c	LOG4J2-659
f3bf454128659f04607c7b1b0c67383c0999573f	75078b9568a109e1ab693356242cd7c0a1ccb0f2	LOG4J2-659
f3bf454128659f04607c7b1b0c67383c0999573f	1887d0a5de77543566f9cf62ea034cb0563e1b56	LOG4J2-659
f3bf454128659f04607c7b1b0c67383c0999573f	f1251b962db9a0fba7c1ea0f47d8b5324b5292f3	LOG4J2-659
f3bf454128659f04607c7b1b0c67383c0999573f	155adccff290175603a89b660a6b562fe3f0d7b3	LOG4J2-659
f3bf454128659f04607c7b1b0c67383c0999573f	4de320cb2c78aa33d3439b9a7540afd11a43d740	LOG4J2-659
f3bf454128659f04607c7b1b0c67383c0999573f	f2f56b96ad81ab4d25a36c3a9cea77262a064b21	LOG4J2-659
f3bf454128659f04607c7b1b0c67383c0999573f	b414b72de8976ddac9c83d7b6300a92939228678	LOG4J2-659
f3bf454128659f04607c7b1b0c67383c0999573f	a130097158d9989718ba141ab354e591133e45f5	LOG4J2-659
f3bf454128659f04607c7b1b0c67383c0999573f	b0061cf84f52889ce1f459985d5d1a3f794f7e3d	LOG4J2-659
f3bf454128659f04607c7b1b0c67383c0999573f	f96ee1b8817074a0581d460ca9a9ed807446836b	LOG4J2-659
f3bf454128659f04607c7b1b0c67383c0999573f	dc4ea3baa1bd176d232a10e0f3c6780ea60a68b6	LOG4J2-659
f3bf454128659f04607c7b1b0c67383c0999573f	b04967604686ed535a5fdea77ecca8d7beea4c9c	LOG4J2-659
f3bf454128659f04607c7b1b0c67383c0999573f	6dc038dd565b810e16e93e976f191262900d9fc6	LOG4J2-659
f3bf454128659f04607c7b1b0c67383c0999573f	6c01dbd21340c195e2d923ff47cde11793e0e77a	LOG4J2-659
f3bf454128659f04607c7b1b0c67383c0999573f	051def230805c9d3fb0048acd6164dba3a28fa21	LOG4J2-659
f3bf454128659f04607c7b1b0c67383c0999573f	dc3c86166d94d742ba230646bde4a2d205f324e2	LOG4J2-659
f3bf454128659f04607c7b1b0c67383c0999573f	acf08e2c7273b62b6a4fa66991927165bf968542	LOG4J2-659
f3bf454128659f04607c7b1b0c67383c0999573f	85b1c239f8aa7af30734de41358ac2268c135cb1	LOG4J2-659
f3bf454128659f04607c7b1b0c67383c0999573f	8f169628211d9cc4a832e377aa240badc15b76b7	LOG4J2-659
f3bf454128659f04607c7b1b0c67383c0999573f	d8abbf38f1d63a0a87065ca759956cdd2e6c2b0a	LOG4J2-659
f3bf454128659f04607c7b1b0c67383c0999573f	09b283485a9572c9d5a33b0d7b8e46635de9b951	LOG4J2-659
f3bf454128659f04607c7b1b0c67383c0999573f	2e3da2f0b34e3e12ccfd4101027f0ffcff67debd	LOG4J2-659
f3bf454128659f04607c7b1b0c67383c0999573f	eb9fe3c3af607d021f6ba2d389f74494ba6e449d	LOG4J2-659
f3bf454128659f04607c7b1b0c67383c0999573f	461f0ed7f90d446803c5e0f7f45753a369a4b0dd	LOG4J2-659
f3bf454128659f04607c7b1b0c67383c0999573f	b0eb1cee9f304ad565b80616cfd118f8985e87c6	LOG4J2-659
f3bf454128659f04607c7b1b0c67383c0999573f	fb1d53d2e9eff888d171c346f4ee3b19097b6f9f	LOG4J2-659
f3bf454128659f04607c7b1b0c67383c0999573f	4b1406c9aedbb93077795de442b4030eaa82db31	LOG4J2-659
f3bf454128659f04607c7b1b0c67383c0999573f	c4829556dac4432f050a2d59e14aa39ec7729672	LOG4J2-659
f3bf454128659f04607c7b1b0c67383c0999573f	648c94ecdafa6196a56f42a177f3bf69b74e778d	LOG4J2-659
f3bf454128659f04607c7b1b0c67383c0999573f	b2a7de63c8ed3a80694e98fd0506c6dec01f6871	LOG4J2-659
f3bf454128659f04607c7b1b0c67383c0999573f	5fb4a7da5306c868694affe431022be8b164b700	LOG4J2-659
f3bf454128659f04607c7b1b0c67383c0999573f	b7ff64fb32128e7de5b4e96ac99db3431c315094	LOG4J2-659
f3bf454128659f04607c7b1b0c67383c0999573f	3e2566230fb02e5fbd538cd61c5897a983383ca0	LOG4J2-659
f3bf454128659f04607c7b1b0c67383c0999573f	f5d530e822b6b1d945ca19cf00e053959e8677d7	LOG4J2-659
f3bf454128659f04607c7b1b0c67383c0999573f	8c42058bd92a24d8f291df5f8d47a97a7031e0ad	LOG4J2-659
f3bf454128659f04607c7b1b0c67383c0999573f	c14ff0762d432fb612e40c35ef2644fea970c021	LOG4J2-659
f3bf454128659f04607c7b1b0c67383c0999573f	d81c2642963e704815271870b490e4b6c4fa67f2	LOG4J2-659
f3bf454128659f04607c7b1b0c67383c0999573f	2a1d8dcc36cc59babbe670c68f0c984e634cc25b	LOG4J2-659
f3bf454128659f04607c7b1b0c67383c0999573f	553da723851f1667f22150bdf7831f26990f44ba	LOG4J2-659
f3bf454128659f04607c7b1b0c67383c0999573f	50489b51119643eff86904790430a2d6730a5cbe	LOG4J2-659
f3bf454128659f04607c7b1b0c67383c0999573f	f610b9a960beca4465e093c3b89ae63406df5bae	LOG4J2-659
f3bf454128659f04607c7b1b0c67383c0999573f	e2505f19b95a00208fe356c33c19cd85e54b03a5	LOG4J2-659
f3bf454128659f04607c7b1b0c67383c0999573f	75ad4e70faa3add8f8a998291dacdde90fd5df32	LOG4J2-659
f3bf454128659f04607c7b1b0c67383c0999573f	37ce9c797801f5fa628f9fbeba8d07e0a87e1ad7	LOG4J2-659
e702638bf2475b5a38bb52ac2f9439cef68adecb	3e6bb87f728a9da48d33cecf9dd02dd09bc1a330	LOG4J2-697
e702638bf2475b5a38bb52ac2f9439cef68adecb	ebc496634ad19a23f2622a68b64ec55c90d89e7b	LOG4J2-697
e702638bf2475b5a38bb52ac2f9439cef68adecb	a538903a9b5e100b1c3e3a8aec0462b1cb86765c	LOG4J2-697
e702638bf2475b5a38bb52ac2f9439cef68adecb	a05730d4cbf926ec8c7b5896cae9fc537f81caa8	LOG4J2-697
e702638bf2475b5a38bb52ac2f9439cef68adecb	23ced93951ad1037c9934dbe0471377a8e494eaa	LOG4J2-697
e702638bf2475b5a38bb52ac2f9439cef68adecb	53905cbf2c7a1421d6b582d986fd163dcb814483	LOG4J2-697
e702638bf2475b5a38bb52ac2f9439cef68adecb	2e4c99ffa192301949b7b223913036f295496d92	LOG4J2-697
e702638bf2475b5a38bb52ac2f9439cef68adecb	2bda3858626a5b6670ee815e51ca81e61460c78e	LOG4J2-697
e702638bf2475b5a38bb52ac2f9439cef68adecb	db2323ed7b86518335dc0a8241de5df1c653a6a7	LOG4J2-697
e702638bf2475b5a38bb52ac2f9439cef68adecb	8a603d95a463c77e3d342e8c952424abe6c35339	LOG4J2-697
52e0761ee8e4f524ea211dda84b6da7d6f4e2ec9	4f23a95b1c541fd5d3ac80fdb743c66deb725467	LOG4J2-211
7c4e748d6e2569f758404511a646adeaf068c3a1	73ecc37e3fc8a6c261bb896df54b277551636095	LOG4J2-2365
7c4e748d6e2569f758404511a646adeaf068c3a1	b7b9242619440744d5806ead76e91289d4e11d55	LOG4J2-2365
7c4e748d6e2569f758404511a646adeaf068c3a1	d81c2642963e704815271870b490e4b6c4fa67f2	LOG4J2-2365
7c4e748d6e2569f758404511a646adeaf068c3a1	5a67c2656d057ab5eaf2e17ca9f615a0e9987ba9	LOG4J2-2365
93a7235da78c562026993cdc4e3e5775c47e8099	036c2704941c34bdaf8f60a8c29011c66e0d8b27	LOG4J2-775
93a7235da78c562026993cdc4e3e5775c47e8099	3e6bb87f728a9da48d33cecf9dd02dd09bc1a330	LOG4J2-775
c822338da47fe6ed5d4377c36ac1153d5621a197	d8935c8a8015caa396be554afbbd4f0190c42d8b	LOG4J2-1153
c822338da47fe6ed5d4377c36ac1153d5621a197	87bde0d5b4d27b979d273d902a7713e5f0ac75fd	LOG4J2-1153
c822338da47fe6ed5d4377c36ac1153d5621a197	24e89e7cd1c6909d3871b2a7518a83ae05bb91f7	LOG4J2-1153
c822338da47fe6ed5d4377c36ac1153d5621a197	d1f494ecad27873bff83dca2a0e8ee9c80b7c077	LOG4J2-1153
c822338da47fe6ed5d4377c36ac1153d5621a197	f0fca5c213c2c4cf06338362874699ed61971b5e	LOG4J2-1153
c822338da47fe6ed5d4377c36ac1153d5621a197	967cddfbd59d3943956fd5e60eadcc065b4c3e41	LOG4J2-1153
5d4a30131db1a034de99b08ef113633dc2482ae2	23ced93951ad1037c9934dbe0471377a8e494eaa	LOG4J2-2482
5d4a30131db1a034de99b08ef113633dc2482ae2	b7b9242619440744d5806ead76e91289d4e11d55	LOG4J2-2482
df1d3544c0020c8e7b2243eb7317192313334081	b581c150b60e7b71ac65654a723ec372b7f9bd73	LOG4J2-2243
df1d3544c0020c8e7b2243eb7317192313334081	cd7ad1e4fa9cc81b2e310540d78fcc229c1aec1b	LOG4J2-2243
b69d185a7270d6ac795707b3e4e1ba3d40fe65af	b7b9242619440744d5806ead76e91289d4e11d55	LOG4J2-2244
b69d185a7270d6ac795707b3e4e1ba3d40fe65af	d81c2642963e704815271870b490e4b6c4fa67f2	LOG4J2-2244
ff617d1afa6851ce94ed24e74788b2243583c9e2	74d149b9c12bb201e39d5a1199b9d2cece57c0fe	LOG4J2-1033
d41281ebf9374c28f297bac7adb399780062f396	b7b9242619440744d5806ead76e91289d4e11d55	LOG4J2-1394
fa7dd028abb3f3c3dd57c36a9184c1e223dcc97f	8a603d95a463c77e3d342e8c952424abe6c35339	LOG4J2-694
ce419dc11453f26665b9f1963cd26aefa5cc6aad	e9a6ec8929ccaf84cbd23e358c8f97c3a9863d4d	LOG4J2-453
208e0e6261e816af631bdf9c731c6712833bda0f	051def230805c9d3fb0048acd6164dba3a28fa21	LOG4J2-1038
566449e9ddcf66d2b4b4e0d3f611b87dce08bb82	8a603d95a463c77e3d342e8c952424abe6c35339	LOG4J2-449
566449e9ddcf66d2b4b4e0d3f611b87dce08bb82	051def230805c9d3fb0048acd6164dba3a28fa21	LOG4J2-449
c14f1aff6acb432750b638a33d8796fe87a40893	53c5fa729e4051f3244ba95bfc04fca376cd4221	LOG4J2-1030
c14f1aff6acb432750b638a33d8796fe87a40893	6fe169ff06b44e86fb2e787f29ff8192c7be461e	LOG4J2-1030
672832929c538c2129be4eeb2683bbe318ba8884	93b9a4b26bfbacf9a86aabbcc96b6f5bdd9fa854	LOG4J2-129
672832929c538c2129be4eeb2683bbe318ba8884	80c9dcbeaed4976649ad5398fff2d3b1540d9cb7	LOG4J2-129
672832929c538c2129be4eeb2683bbe318ba8884	a280611c9a44bb67cf00bd0b962628c5ef617c6d	LOG4J2-129
672832929c538c2129be4eeb2683bbe318ba8884	46dc92deb9cfeaebdef83f5179190409b4eaddae	LOG4J2-129
672832929c538c2129be4eeb2683bbe318ba8884	7a81b7eca777e592b6478db68307b396e6b1cf52	LOG4J2-129
672832929c538c2129be4eeb2683bbe318ba8884	aa3c3595c2b116b6e50fe2a0a8633dde943944ae	LOG4J2-129
672832929c538c2129be4eeb2683bbe318ba8884	f5878ea3a3dfa6274da961fb1ad7bc4508f685df	LOG4J2-129
672832929c538c2129be4eeb2683bbe318ba8884	fb0974f51d39b4f3e68e3933000967327f666919	LOG4J2-129
672832929c538c2129be4eeb2683bbe318ba8884	88980b017bc23d2e687521cc0812f752c73dffc0	LOG4J2-129
672832929c538c2129be4eeb2683bbe318ba8884	adc263b6edcb6fe7ac320a0762752076a8c2bb0c	LOG4J2-129
672832929c538c2129be4eeb2683bbe318ba8884	53320c02916fdb72e4dfc093de855faabba6ea18	LOG4J2-129
672832929c538c2129be4eeb2683bbe318ba8884	b918f7bfc0cebc009a7aa6bc1d0cc4de04f7d56d	LOG4J2-129
672832929c538c2129be4eeb2683bbe318ba8884	0bdbf17b54b941aefbdb1a513313c5b653e7bba5	LOG4J2-129
7a6f40a98d4ffcc3061f6028a73aa66f938c4d33	3e6bb87f728a9da48d33cecf9dd02dd09bc1a330	LOG4J2-1025
072cbd270e4323ed9da46b59f66e8eafdf59354c	186a2fea108d6a203532f4a33f09b14b7ca70066	LOG4J2-323
c1265b65f2d1bc47153823b512bb63eb02c0ec7a	3e6bb87f728a9da48d33cecf9dd02dd09bc1a330	LOG4J2-1590
9ffd7042accd97534f71b563c90ec4aa6b05bef3	ff18a2b768d0782d05e0a197e2d918216e636aa3	LOG4J2-563
d517ea241fcdde0c0e6ec97230eb7564228a32c9	37066643e99ae35d9689f4ad1ed6d9296dfb9f3a	LOG4J2-1382
d517ea241fcdde0c0e6ec97230eb7564228a32c9	d557c8ee4bae4f501fa558238fc0e693f007a203	LOG4J2-1382
5e246db53458fc6ea26e47b07aba60f5189eef4e	9d7dbe733129c66d0e497eb904930718185b998c	LOG4J2-1149
bdd0e36237a8a30d46b814961140a08181a34ad1	186a2fea108d6a203532f4a33f09b14b7ca70066	LOG4J2-1140
a58e1d5ccf856cb473b681a012b7d9d96f489916	3e6bb87f728a9da48d33cecf9dd02dd09bc1a330	LOG4J2-2320
fddb7acae5c00fa28f241269d6f4436af98cf121	54d2b659491658b649e40c793e8c9f70db7a7374	LOG4J2-1269
fddb7acae5c00fa28f241269d6f4436af98cf121	3e6bb87f728a9da48d33cecf9dd02dd09bc1a330	LOG4J2-1269
ae87a679f4a04a2b1f3458fe62e469ae806a7eb9	3e6bb87f728a9da48d33cecf9dd02dd09bc1a330	LOG4J2-679
ae87a679f4a04a2b1f3458fe62e469ae806a7eb9	fff2b1d0de223252055ba9ca794e858dcb6fadcf	LOG4J2-679
ae87a679f4a04a2b1f3458fe62e469ae806a7eb9	b4316614c87a334ec9612b7339d0e94ece749123	LOG4J2-679
ae87a679f4a04a2b1f3458fe62e469ae806a7eb9	752694707f7093a64b6969c67d8a6124a118fc1e	LOG4J2-679
ae87a679f4a04a2b1f3458fe62e469ae806a7eb9	64f7ec1c100655bc04188e19c932a4d86a3552b2	LOG4J2-679
3b7e3b52ca26c2f499530b2cf28731e555d675bb	104eb602950e5dbe54d55010500e8780f6b19dad	LOG4J2-555
3b7e3b52ca26c2f499530b2cf28731e555d675bb	88b2eeb450badeb86f3707cf18e9d6a486480a14	LOG4J2-555
3b7e3b52ca26c2f499530b2cf28731e555d675bb	f35e6269f29320a79f441aa40b083da79a572a0f	LOG4J2-555
3b7e3b52ca26c2f499530b2cf28731e555d675bb	051def230805c9d3fb0048acd6164dba3a28fa21	LOG4J2-555
3b7e3b52ca26c2f499530b2cf28731e555d675bb	b3e40205c2b229940752e0abec5973d20b001c8b	LOG4J2-555
3b7e3b52ca26c2f499530b2cf28731e555d675bb	c8c8a4d71e38ca11e8cbb2d91beb1fff911f73cd	LOG4J2-555
3b7e3b52ca26c2f499530b2cf28731e555d675bb	75ad4e70faa3add8f8a998291dacdde90fd5df32	LOG4J2-555
3b7e3b52ca26c2f499530b2cf28731e555d675bb	74fc7133d198d5b48d5d4b64a2cba1acfcaf9452	LOG4J2-555
3b7e3b52ca26c2f499530b2cf28731e555d675bb	87c9a3c0812b7e355f14c5a6e2acda007b208ed2	LOG4J2-555
3b7e3b52ca26c2f499530b2cf28731e555d675bb	b7ff64fb32128e7de5b4e96ac99db3431c315094	LOG4J2-555
f8158646d9aa324302026c033783909108ad9da5	2338fcb9fb5cff5325305db4da1bed098b930beb	LOG4J2-2026
850636a206dc3b9e33ecb20ab62de96ff4fa39b3	3e1f9c7a50e39b0de9d668d121be91f99d94704c	LOG4J2-206
3ccc6531ede2266bffb2f33da3793527f10aed31	7a692de0a2587cd8fed30a1e9f7372231576a77f	LOG4J2-2266
3ccc6531ede2266bffb2f33da3793527f10aed31	c66269021126045f9f5f20b94f117c23b11a05be	LOG4J2-2266
3ccc6531ede2266bffb2f33da3793527f10aed31	23225ddd1053bdeefc2cc37e9f8fc783fe0319ce	LOG4J2-2266
220d6b850cff04b0cd835667a342082326f0b6b9	23ced93951ad1037c9934dbe0471377a8e494eaa	LOG4J2-1173
220d6b850cff04b0cd835667a342082326f0b6b9	b545b70ee556766a692430168edf8f7915b1c574	LOG4J2-1173
494c04d1db18a89efb57e768a3167948fd13fad1	087907519aee1b81d095bf8e76392a1b9916a496	LOG4J2-948
494c04d1db18a89efb57e768a3167948fd13fad1	dc629343b71c47c972ac5673628b32b82ae33bef	LOG4J2-948
494c04d1db18a89efb57e768a3167948fd13fad1	64f9b9866546e28e0bde9087eabedcd7bacb25a3	LOG4J2-948
494c04d1db18a89efb57e768a3167948fd13fad1	9180ad1c5859b4a318b128f96275e90c307255a5	LOG4J2-948
494c04d1db18a89efb57e768a3167948fd13fad1	7f075a710230484cd7f9f3850b57d4cb7ee4ec9f	LOG4J2-948
494c04d1db18a89efb57e768a3167948fd13fad1	1e017cbbf20c1df1378615210451589f8ca408aa	LOG4J2-948
b28496e325663f770bc0889d7f5ed2e07505851d	c989349ef86874c9eccaf5205196b18f2eec3df2	LOG4J2-889
b28496e325663f770bc0889d7f5ed2e07505851d	5f461a72203d5b729005db4690bfc4c9e2b4e64d	LOG4J2-889
4a610a18ddcee9fd1fdc2501dd8591b08d5bfb39	3e6bb87f728a9da48d33cecf9dd02dd09bc1a330	LOG4J2-591
4a610a18ddcee9fd1fdc2501dd8591b08d5bfb39	9c75ce0cec71b57e8f325d7f2b40a9fdbd028236	LOG4J2-591
4a610a18ddcee9fd1fdc2501dd8591b08d5bfb39	c8186aec327c52ecbe3977fa4a21ac2af6b19083	LOG4J2-591
4a610a18ddcee9fd1fdc2501dd8591b08d5bfb39	47c2851ca98aae7bc12707e871ea42cd1ca95b17	LOG4J2-591
4a610a18ddcee9fd1fdc2501dd8591b08d5bfb39	f175b4fcec6d86bc467faac0e32152599298f300	LOG4J2-591
4a610a18ddcee9fd1fdc2501dd8591b08d5bfb39	f1a791a143f83b6c1c5c08ba71b4e75710a293ed	LOG4J2-591
4a610a18ddcee9fd1fdc2501dd8591b08d5bfb39	4f23a95b1c541fd5d3ac80fdb743c66deb725467	LOG4J2-591
4a610a18ddcee9fd1fdc2501dd8591b08d5bfb39	ebc496634ad19a23f2622a68b64ec55c90d89e7b	LOG4J2-591
4a610a18ddcee9fd1fdc2501dd8591b08d5bfb39	c43f6e1b4779a1956b4c061ebce7277f11d15ad6	LOG4J2-591
4a610a18ddcee9fd1fdc2501dd8591b08d5bfb39	f9744033b93e2fe1f52a27c66f24f53cf44939a2	LOG4J2-591
4a610a18ddcee9fd1fdc2501dd8591b08d5bfb39	b581c150b60e7b71ac65654a723ec372b7f9bd73	LOG4J2-591
4a610a18ddcee9fd1fdc2501dd8591b08d5bfb39	9b4cd842c81e71ae7f002703c7952dccfb5bddfb	LOG4J2-591
4a610a18ddcee9fd1fdc2501dd8591b08d5bfb39	798ac9883b824819412ad81a43cf33b94ed757fb	LOG4J2-591
4a610a18ddcee9fd1fdc2501dd8591b08d5bfb39	b9ee9cb121fe8f7a5e91be6fac820dc4cfabcee5	LOG4J2-591
4a610a18ddcee9fd1fdc2501dd8591b08d5bfb39	da2b9188e1871e02bd93558646568d2e0c08559d	LOG4J2-591
4a610a18ddcee9fd1fdc2501dd8591b08d5bfb39	2bda3858626a5b6670ee815e51ca81e61460c78e	LOG4J2-591
4a610a18ddcee9fd1fdc2501dd8591b08d5bfb39	23ced93951ad1037c9934dbe0471377a8e494eaa	LOG4J2-591
4a610a18ddcee9fd1fdc2501dd8591b08d5bfb39	1d15bb567d095821cb61c99318a48f9df35d90c2	LOG4J2-591
4a610a18ddcee9fd1fdc2501dd8591b08d5bfb39	26b9047ad2da8fb07d44870bb69098e0c53b9175	LOG4J2-591
4a610a18ddcee9fd1fdc2501dd8591b08d5bfb39	37ce9c797801f5fa628f9fbeba8d07e0a87e1ad7	LOG4J2-591
4a610a18ddcee9fd1fdc2501dd8591b08d5bfb39	6fa212ca9d96292d94b896347232d031d8279175	LOG4J2-591
4a610a18ddcee9fd1fdc2501dd8591b08d5bfb39	d17e9fc456d59de05409f1278a5d2bb106358f3e	LOG4J2-591
4a610a18ddcee9fd1fdc2501dd8591b08d5bfb39	bc466b443e7f0470dcb9edfd1ff00aa1c1ff2488	LOG4J2-591
4a610a18ddcee9fd1fdc2501dd8591b08d5bfb39	6abbefce163a9c4288416508535b729c57ba5b66	LOG4J2-591
4a610a18ddcee9fd1fdc2501dd8591b08d5bfb39	f610b9a960beca4465e093c3b89ae63406df5bae	LOG4J2-591
4a610a18ddcee9fd1fdc2501dd8591b08d5bfb39	bd9f0862661fab3ed13632bda2cf23bb58ae74da	LOG4J2-591
4a610a18ddcee9fd1fdc2501dd8591b08d5bfb39	a1886e05b260c8cba5636e33b98f007e83b67c6d	LOG4J2-591
4a610a18ddcee9fd1fdc2501dd8591b08d5bfb39	53905cbf2c7a1421d6b582d986fd163dcb814483	LOG4J2-591
4a610a18ddcee9fd1fdc2501dd8591b08d5bfb39	e7e11179088ce622e67f5f92a0769aeeb928bc64	LOG4J2-591
4a610a18ddcee9fd1fdc2501dd8591b08d5bfb39	c6171ba68d1641454879bfa20cbc2c5333b66a4d	LOG4J2-591
cba7493b68ca5162b1051ee633102160bb435168	2fdf5ef69d4f3172fea0838e2375078f5866e345	LOG4J2-1051
cba7493b68ca5162b1051ee633102160bb435168	9d7dbe733129c66d0e497eb904930718185b998c	LOG4J2-1051
cba7493b68ca5162b1051ee633102160bb435168	104bb31f6e043c5f73e66adbd048b1064263f81c	LOG4J2-1051
cba7493b68ca5162b1051ee633102160bb435168	887743e5422124b71ec612fb5680a69934359aef	LOG4J2-1051
cba7493b68ca5162b1051ee633102160bb435168	025127c808b1689711fd972ca63791d948424afb	LOG4J2-1051
cba7493b68ca5162b1051ee633102160bb435168	86fe0b700d1f9091907e7f91dab278d80282b152	LOG4J2-1051
cba7493b68ca5162b1051ee633102160bb435168	54d2b659491658b649e40c793e8c9f70db7a7374	LOG4J2-1051
cba7493b68ca5162b1051ee633102160bb435168	3e6bb87f728a9da48d33cecf9dd02dd09bc1a330	LOG4J2-1051
cba7493b68ca5162b1051ee633102160bb435168	0bc1236f52d0519e1e244081550f4f92dc74237f	LOG4J2-1051
cba7493b68ca5162b1051ee633102160bb435168	4a4d3a93cd9e75fcfb8be442a33ee67ee9bce804	LOG4J2-1051
cba7493b68ca5162b1051ee633102160bb435168	17798e6ad02b9e2f3074d6a7c460ca0f26659fdd	LOG4J2-1051
cba7493b68ca5162b1051ee633102160bb435168	147eccdc279372796b79098afda115d01597dce0	LOG4J2-1051
cba7493b68ca5162b1051ee633102160bb435168	a1886e05b260c8cba5636e33b98f007e83b67c6d	LOG4J2-1051
cba7493b68ca5162b1051ee633102160bb435168	b536e73e88c5c6f6b37c38acb11657c79e6efb69	LOG4J2-1051
cba7493b68ca5162b1051ee633102160bb435168	051def230805c9d3fb0048acd6164dba3a28fa21	LOG4J2-1051
cba7493b68ca5162b1051ee633102160bb435168	adddf12a67b3d158a7ea18ab387e1d5dd50b0121	LOG4J2-1051
bfa528274bd53493ff6b3617afdb6ee0f35224cc	67ef928fb4680f780a8304ef2e558245499953a7	LOG4J2-224
bfa528274bd53493ff6b3617afdb6ee0f35224cc	54d2b659491658b649e40c793e8c9f70db7a7374	LOG4J2-224
cb595f013cf5b8d86f928dbbc5a39809923dcb28	ce67845d1011c4f0560021d1c25d0090e8e4452b	LOG4J2-1289
6200c7e8aad60a1466e4f58fe93d2fc94540a907	fd396a252a371b752df0e1607bfd7e6dca25402f	LOG4J2-2013
af12af4ca0162e595102afee3c022850e5fb3a7a	b7b9242619440744d5806ead76e91289d4e11d55	LOG4J2-102
7490cf51046d160a2d099674011956be719a693e	90957d42f4b9075e991fa5baa489bfec0d19c2b2	LOG4J2-1046
8b5d644d5716e47db2497ddd571a4b2f763861ec	d21f759525762a97f310a38997f52c227fcc5617	LOG4J2-861
8b5d644d5716e47db2497ddd571a4b2f763861ec	86751f4721a886d2c284da0258e30cd7e70ca2c4	LOG4J2-861
25a780e957f7815c67bad148acc5b9b53e674e59	d0953b36ea4752e7a5220345dfdb2f7a941ee8b5	LOG4J2-1280
25a780e957f7815c67bad148acc5b9b53e674e59	bccedde109dc8be865856e6bbbf0f0bf91247e4c	LOG4J2-1280
25a780e957f7815c67bad148acc5b9b53e674e59	12be6d867031c4579ccca856359d04482145e01e	LOG4J2-1280
25a780e957f7815c67bad148acc5b9b53e674e59	2d924ce7d41ee2a53e940d7beef03cb28a993056	LOG4J2-1280
25a780e957f7815c67bad148acc5b9b53e674e59	e0962136db98887e8c540455bb276665803e03b7	LOG4J2-1280
483f394abefdd20744720c1160c5a7a6ab767cd3	af62f26a30062366ac924d37aa26f0536f5e6bbb	LOG4J2-1160
483f394abefdd20744720c1160c5a7a6ab767cd3	805583764296e085a44a7a14dfb3d527be6c2a14	LOG4J2-1160
d7bc72252ef36972c7daac9f20f05c24abc968a8	12be6d867031c4579ccca856359d04482145e01e	LOG4J2-2252
d7bc72252ef36972c7daac9f20f05c24abc968a8	2d924ce7d41ee2a53e940d7beef03cb28a993056	LOG4J2-2252
d7bc72252ef36972c7daac9f20f05c24abc968a8	914b291ce46a8224a2228c92740c51621b5b76b1	LOG4J2-2252
d7bc72252ef36972c7daac9f20f05c24abc968a8	3eeb2f6c98374975ca715cd45da9de26f472fd85	LOG4J2-2252
4bdc55183c88ba7e4b34d654b166ee6a3a259462	f1a0cac60f1e41347c9bced7c1470be488840344	LOG4J2-462
71fac9e67329734d230b342ac002ef69e65f465b	acdbac98e07e10debf62518c0137c62a38d5cd56	LOG4J2-342
0c09e1a0288cb83ea24adf5fb9c30c99ba1a8e31	2f0c6064a337fb7e9a6001f6a8648400a51fea25	LOG4J2-2018
e7de16d348ad2202d747eb84d3b787a9e9084769	5a80ae1c7cb69204912ef104201d3a5e3f2856e3	LOG4J2-2202
a6bff4ffcbd5cb62565d7cc69062ea39918786aa	44c1f6da4a0fae71c6fb5c9d0585b62454c69f07	LOG4J2-2565
eaa22441c7916beac2fc800e22b692f2dda36732	b7b9242619440744d5806ead76e91289d4e11d55	LOG4J2-2441
eaa22441c7916beac2fc800e22b692f2dda36732	d81c2642963e704815271870b490e4b6c4fa67f2	LOG4J2-2441
eaa22441c7916beac2fc800e22b692f2dda36732	e6918932f8188c3b65a0e38d1f914c8415dc25d9	LOG4J2-2441
9003d0e6cba4f278326c91c5f25252973de4a254	fe3ce66af2292ddb8d81a16a5d696afad9984b7e	LOG4J2-254
5f46f7316d78935e9071474a841dff22fe73caa6	b7b9242619440744d5806ead76e91289d4e11d55	LOG4J2-1474
dc3c86166d94d742ba230646bde4a2d205f324e2	d89d2d276c781a8238c8f12057eac2f59787cf58	LOG4J2-1117
dc3c86166d94d742ba230646bde4a2d205f324e2	3e6bb87f728a9da48d33cecf9dd02dd09bc1a330	LOG4J2-1117
dc3c86166d94d742ba230646bde4a2d205f324e2	78496add4f72e0752681d26c8f6ed2028545f6ea	LOG4J2-1117
dc3c86166d94d742ba230646bde4a2d205f324e2	d17e9fc456d59de05409f1278a5d2bb106358f3e	LOG4J2-1117
dc3c86166d94d742ba230646bde4a2d205f324e2	e747caf9777c71dc356f69c160d5f7bb0dc22b42	LOG4J2-1117
dc3c86166d94d742ba230646bde4a2d205f324e2	051def230805c9d3fb0048acd6164dba3a28fa21	LOG4J2-1117
dc3c86166d94d742ba230646bde4a2d205f324e2	2338fcb9fb5cff5325305db4da1bed098b930beb	LOG4J2-1117
dc3c86166d94d742ba230646bde4a2d205f324e2	b0f7be4b0666dca22205e6df5c7374677daa416e	LOG4J2-1117
dc3c86166d94d742ba230646bde4a2d205f324e2	aaf81c45a3dc87676b7ee2c859f10973253cb09b	LOG4J2-1117
dc3c86166d94d742ba230646bde4a2d205f324e2	eb046150bf6d0b87a195f7808aebca3627222be6	LOG4J2-1117
dc3c86166d94d742ba230646bde4a2d205f324e2	6b0fbcb5b0754db62d173220a9d7dad09c5a70ab	LOG4J2-1117
dc3c86166d94d742ba230646bde4a2d205f324e2	0726e33c2644ae10ce7642b6d30c4575c3fa742f	LOG4J2-1117
dc3c86166d94d742ba230646bde4a2d205f324e2	66ce56c8465cfe20cc8bc0eef3bb6efa6a25f3ca	LOG4J2-1117
dc3c86166d94d742ba230646bde4a2d205f324e2	64f7ec1c100655bc04188e19c932a4d86a3552b2	LOG4J2-1117
dc3c86166d94d742ba230646bde4a2d205f324e2	a0fc01f1bb888397db5d5c77929174bb634b0ec2	LOG4J2-1117
dc3c86166d94d742ba230646bde4a2d205f324e2	e9a6ec8929ccaf84cbd23e358c8f97c3a9863d4d	LOG4J2-1117
dc3c86166d94d742ba230646bde4a2d205f324e2	6abbefce163a9c4288416508535b729c57ba5b66	LOG4J2-1117
dc3c86166d94d742ba230646bde4a2d205f324e2	f5b32b173c0f23c5782bf5a820821b5cd62ae051	LOG4J2-1117
dc3c86166d94d742ba230646bde4a2d205f324e2	c3c7f1040e90dd55fb33a09744f82bd80515754d	LOG4J2-1117
dc3c86166d94d742ba230646bde4a2d205f324e2	74d149b9c12bb201e39d5a1199b9d2cece57c0fe	LOG4J2-1117
dc3c86166d94d742ba230646bde4a2d205f324e2	1933535dcebd862c18dcd5765770a34a81f2a499	LOG4J2-1117
dc3c86166d94d742ba230646bde4a2d205f324e2	a96f67252517439f168d14e060cf220511c0ea77	LOG4J2-1117
dc3c86166d94d742ba230646bde4a2d205f324e2	c0e509dee33115d00d1fbfebd05bc0039d338529	LOG4J2-1117
dc3c86166d94d742ba230646bde4a2d205f324e2	fd396a252a371b752df0e1607bfd7e6dca25402f	LOG4J2-1117
8c64b8aa8bd6b1c2327cb25558dcc4615a276544	fff2b1d0de223252055ba9ca794e858dcb6fadcf	LOG4J2-2327
8c64b8aa8bd6b1c2327cb25558dcc4615a276544	6abbefce163a9c4288416508535b729c57ba5b66	LOG4J2-2327
8c64b8aa8bd6b1c2327cb25558dcc4615a276544	d89d2d276c781a8238c8f12057eac2f59787cf58	LOG4J2-2327
aac288297f7a3c8828cf39ba7753224089d5371d	3e6bb87f728a9da48d33cecf9dd02dd09bc1a330	LOG4J2-371
cd4de56867bf89c3e6273406dcc7a3bb3e3a54e8	8ceea5231289b629be2b4ab23679d1eb406c64a7	LOG4J2-406
cd4de56867bf89c3e6273406dcc7a3bb3e3a54e8	a60368c015b343b37c3537cb67d594b547a61cd5	LOG4J2-406
bd8edc6102b9127affe6d17d90b93d1836520c5e	3e6bb87f728a9da48d33cecf9dd02dd09bc1a330	LOG4J2-127
aed68ee983d52a63363d3247ba6901101741a9d8	f00afdc4a8225a81d56652dd3abe1a4fb30eb31b	LOG4J2-247
aed68ee983d52a63363d3247ba6901101741a9d8	fd7e540598de6f4ad26d2256fbaec82d74014c3d	LOG4J2-247
aed68ee983d52a63363d3247ba6901101741a9d8	2d6c272232b6bdbcf7af4ce57b9c774dfd2fbbdd	LOG4J2-247
aed68ee983d52a63363d3247ba6901101741a9d8	55ed92eab3439e13a3e7afe18ae35d10e85194a3	LOG4J2-247
aed68ee983d52a63363d3247ba6901101741a9d8	a0fc01f1bb888397db5d5c77929174bb634b0ec2	LOG4J2-247
aed68ee983d52a63363d3247ba6901101741a9d8	db3100f198c50a2e20b46c0d62da5c3c30f608b8	LOG4J2-247
aed68ee983d52a63363d3247ba6901101741a9d8	6ca7b3400c473629cf62d01f8d68a830e3c6c59f	LOG4J2-247
aed68ee983d52a63363d3247ba6901101741a9d8	da8af97a08a9b55a7b4922d8a3a0c69f91fbc8af	LOG4J2-247
aed68ee983d52a63363d3247ba6901101741a9d8	5e7fe0e18d1298299a3acd9a906dd85699ea8f04	LOG4J2-247
040e29e209133efef788eb4132de30262d954ee4	d42e205844da3fffb224e55b31fc2fe3ac14ca93	LOG4J2-1235
040e29e209133efef788eb4132de30262d954ee4	d2e048cf53877ca8ed7fb6136c972494586a36b1	LOG4J2-1235
040e29e209133efef788eb4132de30262d954ee4	def6e10e3e0ad565637d2834abea5ab0c363402d	LOG4J2-1235
ae87a679f4a04a2b1f3458fe62e469ae806a7eb9	c989349ef86874c9eccaf5205196b18f2eec3df2	LOG4J2-679
ae87a679f4a04a2b1f3458fe62e469ae806a7eb9	3a0dd1fac0052da6f388205d45d895498fcec215	LOG4J2-679
ae87a679f4a04a2b1f3458fe62e469ae806a7eb9	6def026b7763cda74bb1a22a58c351a2f24ce1e9	LOG4J2-679
ae87a679f4a04a2b1f3458fe62e469ae806a7eb9	efb351a34c605bd5e4cc18e32f96d52b3eb63f53	LOG4J2-679
ae87a679f4a04a2b1f3458fe62e469ae806a7eb9	3295f11382438175bdfca66b9e7e0efa4898f30b	LOG4J2-679
ae87a679f4a04a2b1f3458fe62e469ae806a7eb9	337941cc748a3d9247dbb0a1ebbf1c13f45abc87	LOG4J2-679
ae87a679f4a04a2b1f3458fe62e469ae806a7eb9	5b1c7366d345aa3e8a9941c5beb6e3ba509a08aa	LOG4J2-679
ae87a679f4a04a2b1f3458fe62e469ae806a7eb9	15d95ecba419b14a456e2b1aa69b4d93f92c4489	LOG4J2-679
ae87a679f4a04a2b1f3458fe62e469ae806a7eb9	5f461a72203d5b729005db4690bfc4c9e2b4e64d	LOG4J2-679
ae87a679f4a04a2b1f3458fe62e469ae806a7eb9	d5eaed8b4b9ffc075e58e0ffcaad27212d34626e	LOG4J2-679
ae87a679f4a04a2b1f3458fe62e469ae806a7eb9	8494e1d93c8ba742e0ad7af0db00d06d91f1fd08	LOG4J2-679
ae87a679f4a04a2b1f3458fe62e469ae806a7eb9	730a1cc7cc99f9e08cc8dd4a3c3e31ffc3a20f0f	LOG4J2-679
ae87a679f4a04a2b1f3458fe62e469ae806a7eb9	7a3f8698c250aacb8fdf5ea19dc66ab61ec6af74	LOG4J2-679
ae87a679f4a04a2b1f3458fe62e469ae806a7eb9	f92062b431b69a480c6950fa965d2d213459a3fd	LOG4J2-679
ae87a679f4a04a2b1f3458fe62e469ae806a7eb9	4cf4326f18338c09276e820474091cc418dff8f8	LOG4J2-679
2f8b66510747a1d485cfd3597ea34c9071e1384a	3e6bb87f728a9da48d33cecf9dd02dd09bc1a330	LOG4J2-485
6f4b5d10467ab2614b75b963d2f1043e098132ad	d21f759525762a97f310a38997f52c227fcc5617	LOG4J2-132
6f4b5d10467ab2614b75b963d2f1043e098132ad	86751f4721a886d2c284da0258e30cd7e70ca2c4	LOG4J2-132
03ab8f244f6350ce0a3f4097eb8a7167468a6379	9b4cd842c81e71ae7f002703c7952dccfb5bddfb	LOG4J2-244
8f8689371c6ad2316fe13add1ea8e8568a697d11	051def230805c9d3fb0048acd6164dba3a28fa21	LOG4J2-2316
51a81f96358e217815185170df19f9f5110be43e	f25210b58e799af49155b73ee2298942dc58c46d	LOG4J2-1227
54b6c88de8ef36fa23c037e389ed958c081104fe	1a23bc26a900960c28ecfcf67d9ced0da94eea27	LOG4J2-1104
54b6c88de8ef36fa23c037e389ed958c081104fe	c4829556dac4432f050a2d59e14aa39ec7729672	LOG4J2-1104
54b6c88de8ef36fa23c037e389ed958c081104fe	54d2b659491658b649e40c793e8c9f70db7a7374	LOG4J2-1104
54b6c88de8ef36fa23c037e389ed958c081104fe	3e6bb87f728a9da48d33cecf9dd02dd09bc1a330	LOG4J2-1104
adac6d651ad2b2a01fa6748692c464fac046fb1a	f5b9ed0ef85f7668618f7792b028dc7eee318adb	LOG4J2-1012
068e5662d9dfb71f0d040f7fcda1277b8d1dd548	b7b9242619440744d5806ead76e91289d4e11d55	LOG4J2-277
2ff6b1adbc09450f5681135f27fcc34e1ce9d4c9	3e6bb87f728a9da48d33cecf9dd02dd09bc1a330	LOG4J2-1135
06c8087d75392f6d9349a68d443f6323849f3ffb	9b4cd842c81e71ae7f002703c7952dccfb5bddfb	LOG4J2-392
141bdd2abc28b5546e395e21a7364edbcb8776b0	0c9679947dbd183700ef398c5d428dcf138b0176	LOG4J2-395
065c3cdab649a758d640493589a5568a08a391b2	3e6bb87f728a9da48d33cecf9dd02dd09bc1a330	LOG4J2-391
791491f98e04cdb19747e7dca48b59e02dffefcf	50dd4179ae4af9ef540aa937e244d30d58cb2758	LOG4J2-1491
10316c393a3912d7e0e0717c177b720aec96cd1d	8a603d95a463c77e3d342e8c952424abe6c35339	LOG4J2-393
10316c393a3912d7e0e0717c177b720aec96cd1d	bc466b443e7f0470dcb9edfd1ff00aa1c1ff2488	LOG4J2-393
c107928caa87000fab1005adac7612580ee4b3da	3e6bb87f728a9da48d33cecf9dd02dd09bc1a330	LOG4J2-2580
e40e631e9ed200d2fd8261b368af2273ea466042	051def230805c9d3fb0048acd6164dba3a28fa21	LOG4J2-273
424068f7e73e35ba2ad10e5087736bbf2dec6333	923ffa30b4dde3d900bcc9b09cee998391823d0b	LOG4J2-1251
8a4cb72b37c297e8bc8783a1bec37b8ca047b4e3	78496add4f72e0752681d26c8f6ed2028545f6ea	LOG4J2-1019
ec5c230b261cd140002453f5d5f6301e2c27588b	887743e5422124b71ec612fb5680a69934359aef	LOG4J2-2453
5808022082617eee62b76252348d3ba67e80eec9	3e6bb87f728a9da48d33cecf9dd02dd09bc1a330	LOG4J2-2348
5808022082617eee62b76252348d3ba67e80eec9	3fd58a6120626a5fbe10c896e7254aceebd4d331	LOG4J2-2348
e5758831ea4f24eb34fc0a7b4223fd5da42a9385	051def230805c9d3fb0048acd6164dba3a28fa21	LOG4J2-385
d371d191381d186d4258b6b3a569d8a4ada92694	9b4cd842c81e71ae7f002703c7952dccfb5bddfb	LOG4J2-381
20f552e1bdeebc8a6d731967915bdc7d2578e598	9eae08579162f7328045a8343660f123235a0b28	LOG4J2-2578
20f552e1bdeebc8a6d731967915bdc7d2578e598	0c556aecb20f807d2838073add3b29be61a5cd3b	LOG4J2-2578
291fbf007962c48afb2c86d772a596c4d29a9cf8	138592456d36ebc9ef1cc24e0a842d35fe729801	LOG4J2-291
291fbf007962c48afb2c86d772a596c4d29a9cf8	8ebed8fc0e87d0bc1a95b1a9851702ac336c9374	LOG4J2-291
291fbf007962c48afb2c86d772a596c4d29a9cf8	87bde0d5b4d27b979d273d902a7713e5f0ac75fd	LOG4J2-291
291fbf007962c48afb2c86d772a596c4d29a9cf8	d8935c8a8015caa396be554afbbd4f0190c42d8b	LOG4J2-291
291fbf007962c48afb2c86d772a596c4d29a9cf8	67069c106d296e2e3cbf48e10b2d682977a05fd9	LOG4J2-291
291fbf007962c48afb2c86d772a596c4d29a9cf8	24e89e7cd1c6909d3871b2a7518a83ae05bb91f7	LOG4J2-291
291fbf007962c48afb2c86d772a596c4d29a9cf8	d1f494ecad27873bff83dca2a0e8ee9c80b7c077	LOG4J2-291
291fbf007962c48afb2c86d772a596c4d29a9cf8	d86a2159893e2f523b46618c219774b752836891	LOG4J2-291
291fbf007962c48afb2c86d772a596c4d29a9cf8	852c944bd163d67ee4edc23903cd37f4d2080164	LOG4J2-291
291fbf007962c48afb2c86d772a596c4d29a9cf8	f0fca5c213c2c4cf06338362874699ed61971b5e	LOG4J2-291
291fbf007962c48afb2c86d772a596c4d29a9cf8	967cddfbd59d3943956fd5e60eadcc065b4c3e41	LOG4J2-291
291fbf007962c48afb2c86d772a596c4d29a9cf8	7a5dcd43d559971caf3f00c55586f372ca4d9046	LOG4J2-291
e9f5504924040558dda7fcc2cdb139e48f2c0f08	bc466b443e7f0470dcb9edfd1ff00aa1c1ff2488	LOG4J2-139
d6b7f4832a3562d615b7f251aff7c3d51107c0c2	af62f26a30062366ac924d37aa26f0536f5e6bbb	LOG4J2-1248
d6b7f4832a3562d615b7f251aff7c3d51107c0c2	cd717915d6c941584a96316f85d21dd9e53c6157	LOG4J2-1248
d6b7f4832a3562d615b7f251aff7c3d51107c0c2	f5b9ed0ef85f7668618f7792b028dc7eee318adb	LOG4J2-1248
d6b7f4832a3562d615b7f251aff7c3d51107c0c2	ddd1ed9f4fc30d940824f6a4415f2f97b75f01b5	LOG4J2-1248
d6b7f4832a3562d615b7f251aff7c3d51107c0c2	3e6bb87f728a9da48d33cecf9dd02dd09bc1a330	LOG4J2-1248
d6b7f4832a3562d615b7f251aff7c3d51107c0c2	7694eb60c9a0bce3d96b7ce74c392de3841ce9da	LOG4J2-1248
d6b7f4832a3562d615b7f251aff7c3d51107c0c2	d2e048cf53877ca8ed7fb6136c972494586a36b1	LOG4J2-1248
d6b7f4832a3562d615b7f251aff7c3d51107c0c2	a1886e05b260c8cba5636e33b98f007e83b67c6d	LOG4J2-1248
d6b7f4832a3562d615b7f251aff7c3d51107c0c2	8ceea5231289b629be2b4ab23679d1eb406c64a7	LOG4J2-1248
d6b7f4832a3562d615b7f251aff7c3d51107c0c2	e7bbeceb123e60bc84186395e2a29c2a90769886	LOG4J2-1248
d6b7f4832a3562d615b7f251aff7c3d51107c0c2	e31adf7a648d7cefe4ecd8a8065d011a4eb7c42f	LOG4J2-1248
d6b7f4832a3562d615b7f251aff7c3d51107c0c2	aa8ff1dbb7a4a4c6b2d4c065fad00b1aafc3f944	LOG4J2-1248
d6b7f4832a3562d615b7f251aff7c3d51107c0c2	af5b24a926f5e1516fdcb8ba9e340908308548dd	LOG4J2-1248
d6b7f4832a3562d615b7f251aff7c3d51107c0c2	5878f4281062a466c9f94d5c2dab42ab363e078a	LOG4J2-1248
d6b7f4832a3562d615b7f251aff7c3d51107c0c2	86d8944fa239255195bf0caed7af65b3c7e4cfaf	LOG4J2-1248
d6b7f4832a3562d615b7f251aff7c3d51107c0c2	dff2017a3900f7ca1cba0a1b3afdbc0a9f48aa35	LOG4J2-1248
d6b7f4832a3562d615b7f251aff7c3d51107c0c2	8d4dc1f28c062d968b2fc6b4432cb6d5d3d4f490	LOG4J2-1248
d6b7f4832a3562d615b7f251aff7c3d51107c0c2	c8fd3c530ea43e3567bd5a1dd5b256479ca8eab8	LOG4J2-1248
d6b7f4832a3562d615b7f251aff7c3d51107c0c2	483d2ca31b3525079f956bff241da4125d1a8ed2	LOG4J2-1248
d6b7f4832a3562d615b7f251aff7c3d51107c0c2	547574f972754001b4c0cd162dcff3c9346aa69e	LOG4J2-1248
d6b7f4832a3562d615b7f251aff7c3d51107c0c2	4cf831b69978218c97649400c33ca6ec882e3989	LOG4J2-1248
d6b7f4832a3562d615b7f251aff7c3d51107c0c2	e9b628ec5d3c45a5fa6a1160119d15cf31d60138	LOG4J2-1248
d6b7f4832a3562d615b7f251aff7c3d51107c0c2	dec0f699dda10d3b8cd911ea43ffd339abc10831	LOG4J2-1248
d6b7f4832a3562d615b7f251aff7c3d51107c0c2	825f15574d9cd020432e99ddfa307fb0287d825c	LOG4J2-1248
d6b7f4832a3562d615b7f251aff7c3d51107c0c2	4786a7395121e0fd1b4e12d7e1b3c0eebd64d794	LOG4J2-1248
d6b7f4832a3562d615b7f251aff7c3d51107c0c2	21f6062ef5197d84a156d0c2fc0094233065f8ac	LOG4J2-1248
d6b7f4832a3562d615b7f251aff7c3d51107c0c2	18c674ab19363ae9cbae1d3217c07e1b349dae88	LOG4J2-1248
d6b7f4832a3562d615b7f251aff7c3d51107c0c2	ec2f1d6272edab58e22dc0cc00b24949dac38388	LOG4J2-1248
d6b7f4832a3562d615b7f251aff7c3d51107c0c2	9b4cd842c81e71ae7f002703c7952dccfb5bddfb	LOG4J2-1248
d6b7f4832a3562d615b7f251aff7c3d51107c0c2	54d2b659491658b649e40c793e8c9f70db7a7374	LOG4J2-1248
d6b7f4832a3562d615b7f251aff7c3d51107c0c2	7f075a710230484cd7f9f3850b57d4cb7ee4ec9f	LOG4J2-1248
d6b7f4832a3562d615b7f251aff7c3d51107c0c2	887743e5422124b71ec612fb5680a69934359aef	LOG4J2-1248
addfbd70c713e7e384db18045e6b40271009b8b3	b536e73e88c5c6f6b37c38acb11657c79e6efb69	LOG4J2-1009
