issue.names	creat.date
XERCESC-1	982826254
XERCESC-2	982830805
XERCESC-3	982832387
XERCESC-7	983269257
XERCESC-8	983427783
XERCESC-10	983509291
XERCESC-12	983935899
XERCESC-14	984480484
XERCESC-16	984949606
XERCESC-17	984982637
XERCESC-19	985172329
XERCESC-22	985792271
XERCESC-23	985811915
XERCESC-24	985854587
XERCESC-26	985938520
XERCESC-27	986120417
XERCESC-30	986464675
XERCESC-32	986948492
XERCESC-36	987081163
XERCESC-38	987577301
XERCESC-40	987659441
XERCESC-46	988089788
XERCESC-47	988180549
XERCESC-51	988811627
XERCESC-52	989291018
XERCESC-55	989406835
XERCESC-56	989423492
XERCESC-57	989470100
XERCESC-59	990251407
XERCESC-60	990409017
XERCESC-63	991355310
XERCESC-64	991402698
XERCESC-65	991642176
XERCESC-68	991747429
XERCESC-71	991844915
XERCESC-72	991917545
XERCESC-73	991933551
XERCESC-75	992247958
XERCESC-76	992478138
XERCESC-79	992887190
XERCESC-80	992947365
XERCESC-81	992948307
XERCESC-84	993076983
XERCESC-85	993078794
XERCESC-87	993088478
XERCESC-88	993088817
XERCESC-89	993089831
XERCESC-92	993140416
XERCESC-93	993438568
XERCESC-97	993530542
XERCESC-99	993620171
XERCESC-101	993637842
XERCESC-102	993638651
XERCESC-103	993656555
XERCESC-105	993776829
XERCESC-106	993972042
XERCESC-107	993972241
XERCESC-108	994108256
XERCESC-110	994300914
XERCESC-111	994310900
XERCESC-112	994388500
XERCESC-113	994391515
XERCESC-116	994429100
XERCESC-117	994504944
XERCESC-118	994508451
XERCESC-119	994651819
XERCESC-120	994734699
XERCESC-122	994805705
XERCESC-123	994806454
XERCESC-125	994807808
XERCESC-128	994911853
XERCESC-131	995281590
XERCESC-132	995325386
XERCESC-133	995373546
XERCESC-134	995374529
XERCESC-135	995449624
XERCESC-136	995458706
XERCESC-137	995460140
XERCESC-139	995612512
XERCESC-140	995623572
XERCESC-141	995625889
XERCESC-142	995738516
XERCESC-143	995772675
XERCESC-144	995889203
XERCESC-145	995891482
XERCESC-146	995954717
XERCESC-148	996023771
XERCESC-151	996090310
XERCESC-152	996091002
XERCESC-154	996163169
XERCESC-155	996231777
XERCESC-156	996239810
XERCESC-158	996569778
XERCESC-159	996648754
XERCESC-161	996772272
XERCESC-164	997085029
XERCESC-165	997110593
XERCESC-166	997164140
XERCESC-78	997167694
XERCESC-168	997244068
XERCESC-172	997712809
XERCESC-175	998033396
XERCESC-176	998275413
XERCESC-185	999294964
XERCESC-190	999334380
XERCESC-191	999502337
XERCESC-196	999613112
XERCESC-195	999697523
XERCESC-199	1000102856
XERCESC-200	1000274384
XERCESC-203	1000453918
XERCESC-205	1000726148
XERCESC-206	1000742005
XERCESC-207	1000779499
XERCESC-209	1000821315
XERCESC-210	1000967178
XERCESC-213	1001295435
XERCESC-214	1001402121
XERCESC-215	1001457931
XERCESC-217	1001656423
XERCESC-219	1001938662
XERCESC-220	1002088892
XERCESC-221	1002185215
XERCESC-222	1002470171
XERCESC-223	1002501394
XERCESC-226	1002648322
XERCESC-227	1002766602
XERCESC-228	1002862106
XERCESC-229	1002897676
XERCESC-230	1002918916
XERCESC-231	1003140161
XERCESC-232	1003145690
XERCESC-234	1003238001
XERCESC-235	1003292287
XERCESC-238	1003654841
XERCESC-240	1003743484
XERCESC-241	1003848838
XERCESC-242	1004061586
XERCESC-243	1004109558
XERCESC-244	1004225179
XERCESC-248	1004520250
XERCESC-249	1004540551
XERCESC-250	1004601663
XERCESC-251	1004631541
XERCESC-252	1004642722
XERCESC-257	1004946261
XERCESC-258	1004966492
XERCESC-264	1005734382
XERCESC-265	1005804771
XERCESC-268	1006172018
XERCESC-269	1006491735
XERCESC-271	1007009646
XERCESC-272	1007110090
XERCESC-273	1007352889
XERCESC-276	1007715598
XERCESC-277	1007736974
XERCESC-278	1008059711
XERCESC-279	1008059727
XERCESC-280	1008084271
XERCESC-281	1008090903
XERCESC-284	1008227640
XERCESC-286	1008548869
XERCESC-288	1008569476
XERCESC-289	1008596399
XERCESC-290	1008596947
XERCESC-294	1008746572
XERCESC-295	1008847842
XERCESC-297	1008992252
XERCESC-298	1008998506
XERCESC-300	1010047775
XERCESC-303	1010379279
XERCESC-306	1010655104
XERCESC-307	1010735308
XERCESC-308	1011006096
XERCESC-309	1011032326
XERCESC-314	1011790001
XERCESC-316	1012234907
XERCESC-317	1012303725
XERCESC-318	1012311085
XERCESC-319	1012342178
XERCESC-320	1012373769
XERCESC-322	1012847661
XERCESC-323	1012932000
XERCESC-324	1013007929
XERCESC-328	1013130555
XERCESC-329	1013165344
XERCESC-330	1013181224
XERCESC-331	1013204304
XERCESC-332	1013411701
XERCESC-333	1013438879
XERCESC-337	1013644683
XERCESC-338	1013688941
XERCESC-339	1013703275
XERCESC-340	1014213917
XERCESC-343	1014230784
XERCESC-346	1014682498
XERCESC-347	1014904112
XERCESC-348	1015021478
XERCESC-349	1015222307
XERCESC-350	1015241238
XERCESC-353	1015403036
XERCESC-356	1015510413
XERCESC-358	1015696414
XERCESC-361	1015944314
XERCESC-362	1016010709
XERCESC-363	1016013489
XERCESC-364	1016015042
XERCESC-365	1016033448
XERCESC-368	1016212286
XERCESC-369	1016228039
XERCESC-372	1016469510
XERCESC-375	1016544632
XERCESC-376	1016602148
XERCESC-377	1016608372
XERCESC-381	1016649986
XERCESC-382	1016652517
XERCESC-383	1016667149
XERCESC-387	1016757987
XERCESC-389	1016790891
XERCESC-392	1017068510
XERCESC-393	1017081712
XERCESC-394	1017111546
XERCESC-395	1017122084
XERCESC-396	1017167504
XERCESC-398	1017232497
XERCESC-399	1017234660
XERCESC-400	1017277822
XERCESC-401	1017287387
XERCESC-402	1017309321
XERCESC-403	1017336288
XERCESC-404	1017341361
XERCESC-405	1017343525
XERCESC-406	1017355295
XERCESC-408	1017708371
XERCESC-409	1017785619
XERCESC-410	1017796840
XERCESC-411	1017815588
XERCESC-413	1018038497
XERCESC-421	1018964855
XERCESC-422	1019032067
XERCESC-423	1019099961
XERCESC-426	1019228601
XERCESC-427	1019229185
XERCESC-428	1019507095
XERCESC-429	1019681921
XERCESC-430	1019690161
XERCESC-431	1019695118
XERCESC-433	1019810024
XERCESC-441	1020416340
XERCESC-442	1020694585
XERCESC-444	1020742432
XERCESC-446	1020838397
XERCESC-447	1020839506
XERCESC-449	1020890687
XERCESC-451	1021014803
XERCESC-454	1021408538
XERCESC-455	1021409337
XERCESC-457	1021448131
XERCESC-459	1021549179
XERCESC-460	1021653940
XERCESC-462	1021825208
XERCESC-463	1021962312
XERCESC-466	1022090579
XERCESC-468	1022182507
XERCESC-472	1022269622
XERCESC-473	1022271498
XERCESC-474	1022501401
XERCESC-475	1022599143
XERCESC-477	1022612025
XERCESC-478	1022672148
XERCESC-479	1022696966
XERCESC-482	1022809272
XERCESC-483	1022859245
XERCESC-484	1022876741
XERCESC-488	1023231553
XERCESC-489	1023290685
XERCESC-490	1023449513
XERCESC-491	1023457644
XERCESC-492	1023482775
XERCESC-496	1023821658
XERCESC-500	1024392738
XERCESC-503	1024586432
XERCESC-504	1024587303
XERCESC-505	1024645415
XERCESC-506	1024665505
XERCESC-507	1024925446
XERCESC-509	1025100738
XERCESC-510	1025100989
XERCESC-511	1025101141
XERCESC-515	1025284191
XERCESC-516	1025285717
XERCESC-522	1025782363
XERCESC-523	1025782657
XERCESC-526	1025950855
XERCESC-528	1026309763
XERCESC-529	1026310151
XERCESC-530	1026310927
XERCESC-531	1026311699
XERCESC-532	1026458642
XERCESC-535	1026750906
XERCESC-536	1026840262
XERCESC-538	1027007114
XERCESC-540	1027024492
XERCESC-541	1027073069
XERCESC-545	1027332942
XERCESC-547	1027373370
XERCESC-549	1027448838
XERCESC-550	1027538697
XERCESC-552	1027551770
XERCESC-555	1027639340
XERCESC-556	1027765905
XERCESC-557	1027813110
XERCESC-560	1028061145
XERCESC-561	1028134219
XERCESC-565	1028189395
XERCESC-567	1028408179
XERCESC-568	1028514495
XERCESC-569	1028682624
XERCESC-570	1028707352
XERCESC-571	1028735040
XERCESC-572	1029328661
XERCESC-574	1029500785
XERCESC-575	1029507993
XERCESC-576	1029509296
XERCESC-577	1029521044
XERCESC-580	1029863864
XERCESC-581	1029945737
XERCESC-582	1029986045
XERCESC-583	1030009321
XERCESC-584	1030038615
XERCESC-586	1030110153
XERCESC-587	1030113327
XERCESC-588	1030115635
XERCESC-589	1030158161
XERCESC-590	1030423015
XERCESC-592	1030447468
XERCESC-595	1030462665
XERCESC-596	1030478260
XERCESC-598	1030701916
XERCESC-599	1030719061
XERCESC-600	1030976903
XERCESC-601	1030986067
XERCESC-602	1031081565
XERCESC-605	1031089998
XERCESC-606	1031129694
XERCESC-607	1031224287
XERCESC-608	1031283220
XERCESC-609	1031327450
XERCESC-610	1031486531
XERCESC-611	1031575666
XERCESC-612	1031583553
XERCESC-614	1031672353
XERCESC-615	1031678726
XERCESC-616	1031769245
XERCESC-617	1031806088
XERCESC-620	1031995331
XERCESC-621	1032120796
XERCESC-622	1032269969
XERCESC-625	1032511513
XERCESC-626	1032511655
XERCESC-627	1032511822
XERCESC-628	1032513894
XERCESC-630	1032663546
XERCESC-632	1032764036
XERCESC-634	1032879884
XERCESC-636	1033068094
XERCESC-637	1033080739
XERCESC-639	1033127290
XERCESC-641	1033199212
XERCESC-642	1033391334
XERCESC-646	1033556016
XERCESC-647	1033556921
XERCESC-648	1033571859
XERCESC-649	1033629728
XERCESC-651	1033723655
XERCESC-653	1033737184
XERCESC-654	1034053949
XERCESC-655	1034064469
XERCESC-656	1034118184
XERCESC-658	1034131924
XERCESC-659	1034132018
XERCESC-660	1034132385
XERCESC-661	1034151931
XERCESC-662	1034247587
XERCESC-663	1034251618
XERCESC-665	1034252134
XERCESC-666	1034252209
XERCESC-667	1034252354
XERCESC-668	1034252468
XERCESC-669	1034252583
XERCESC-670	1034252742
XERCESC-671	1034541844
XERCESC-672	1034602301
XERCESC-673	1034639269
XERCESC-674	1034665553
XERCESC-675	1034665849
XERCESC-676	1034666014
XERCESC-680	1034752275
XERCESC-681	1034774902
XERCESC-682	1034776728
XERCESC-683	1034798478
XERCESC-684	1034800536
XERCESC-686	1034908216
XERCESC-687	1035178214
XERCESC-689	1035182423
XERCESC-690	1035274401
XERCESC-691	1035308732
XERCESC-693	1035404559
XERCESC-695	1035641000
XERCESC-696	1035695427
XERCESC-697	1035739500
XERCESC-701	1036313530
XERCESC-703	1036514322
XERCESC-704	1036520952
XERCESC-707	1036763958
XERCESC-708	1036771431
XERCESC-711	1037107459
XERCESC-712	1037118952
XERCESC-717	1037270097
XERCESC-718	1037270402
XERCESC-512	1037380250
XERCESC-721	1037381155
XERCESC-722	1037414947
XERCESC-725	1037667868
XERCESC-727	1037843511
XERCESC-729	1037993486
XERCESC-731	1038117181
XERCESC-732	1038428293
XERCESC-735	1038577279
XERCESC-736	1038583910
XERCESC-741	1039093385
XERCESC-742	1039273084
XERCESC-750	1039804473
XERCESC-753	1040037302
XERCESC-755	1040092833
XERCESC-759	1040244208
XERCESC-763	1040420581
XERCESC-764	1040568401
XERCESC-765	1040612892
XERCESC-768	1041615730
XERCESC-771	1041678874
XERCESC-772	1041706555
XERCESC-774	1042134601
XERCESC-775	1042466974
XERCESC-776	1042532020
XERCESC-780	1042679748
XERCESC-781	1042759176
XERCESC-783	1042832564
XERCESC-784	1042833269
XERCESC-786	1043104418
XERCESC-789	1043236342
XERCESC-794	1043752124
XERCESC-796	1044038427
XERCESC-797	1044327120
XERCESC-799	1044396496
XERCESC-800	1044439543
XERCESC-801	1044479459
XERCESC-802	1044491310
XERCESC-803	1044893394
XERCESC-804	1044897155
XERCESC-806	1044968706
XERCESC-809	1045219745
XERCESC-810	1045300513
XERCESC-779	1045497193
XERCESC-811	1045532987
XERCESC-820	1046149265
XERCESC-821	1046196353
XERCESC-823	1046259188
XERCESC-824	1046259751
XERCESC-825	1046407003
XERCESC-827	1046622877
XERCESC-829	1046694069
XERCESC-830	1046775935
XERCESC-832	1047052226
XERCESC-834	1047291332
XERCESC-835	1047360202
XERCESC-837	1047538289
XERCESC-838	1047615613
XERCESC-839	1047871071
XERCESC-840	1047907149
XERCESC-845	1048624879
XERCESC-846	1048787582
XERCESC-849	1049253028
XERCESC-850	1049294408
XERCESC-851	1049402020
XERCESC-854	1049723864
XERCESC-855	1049724645
XERCESC-856	1049814552
XERCESC-857	1049825566
XERCESC-858	1049871040
XERCESC-859	1049889514
XERCESC-860	1049892390
XERCESC-862	1050004228
XERCESC-866	1050684166
XERCESC-869	1051561396
XERCESC-870	1051703958
XERCESC-872	1051892603
XERCESC-875	1052305787
XERCESC-879	1052436736
XERCESC-880	1052538416
XERCESC-882	1052540040
XERCESC-883	1052540319
XERCESC-884	1052540637
XERCESC-885	1052840036
XERCESC-886	1052961294
XERCESC-890	1053183726
XERCESC-891	1053184015
XERCESC-893	1053184396
XERCESC-894	1053184596
XERCESC-895	1053184909
XERCESC-896	1053185653
XERCESC-897	1053431629
XERCESC-899	1053492051
XERCESC-901	1053634526
XERCESC-902	1054096018
XERCESC-906	1054201631
XERCESC-908	1054274334
XERCESC-909	1054289235
XERCESC-911	1054464521
XERCESC-912	1054553495
XERCESC-889	1054830641
XERCESC-915	1054850539
XERCESC-916	1054862458
XERCESC-917	1054911867
XERCESC-918	1055053556
XERCESC-919	1055176038
XERCESC-920	1055239307
XERCESC-921	1055241216
XERCESC-923	1055350185
XERCESC-924	1055483468
XERCESC-928	1055748360
XERCESC-929	1055921434
XERCESC-933	1056310159
XERCESC-937	1057105291
XERCESC-944	1057686821
XERCESC-948	1057901560
XERCESC-950	1057952408
XERCESC-952	1058188854
XERCESC-953	1058300032
XERCESC-957	1058454091
XERCESC-958	1058534020
XERCESC-959	1058815108
XERCESC-961	1059125623
XERCESC-962	1059484515
XERCESC-964	1059558435
XERCESC-965	1059606707
XERCESC-967	1059655307
XERCESC-968	1059657113
XERCESC-969	1059749978
XERCESC-972	1060178144
XERCESC-973	1060179097
XERCESC-974	1060352194
XERCESC-976	1060896124
XERCESC-977	1060950332
XERCESC-981	1061283113
XERCESC-983	1061314260
XERCESC-984	1061450785
XERCESC-988	1061821980
XERCESC-990	1061994136
XERCESC-993	1062177526
XERCESC-995	1062624933
XERCESC-996	1062697259
XERCESC-1003	1063279227
XERCESC-1014	1064529349
XERCESC-1017	1064937885
XERCESC-1021	1065727567
XERCESC-1023	1066340865
XERCESC-1024	1066389285
XERCESC-1034	1067530026
XERCESC-1046	1068508992
XERCESC-1051	1068805934
XERCESC-1054	1068829171
XERCESC-1068	1069883779
XERCESC-1074	1070118228
XERCESC-1088	1071075954
XERCESC-1090	1071282090
XERCESC-1093	1071509240
XERCESC-1098	1071754880
XERCESC-1099	1071856516
XERCESC-1101	1072190701
XERCESC-1106	1072771931
XERCESC-1108	1072885140
XERCESC-1115	1074004684
XERCESC-1117	1074096509
XERCESC-1125	1075104302
XERCESC-1130	1075494240
XERCESC-1135	1075850800
XERCESC-1138	1076506702
XERCESC-1145	1076719538
XERCESC-1157	1077134158
XERCESC-1163	1077693971
XERCESC-1165	1077812088
XERCESC-1170	1078251467
XERCESC-1172	1078914742
XERCESC-1177	1079536347
XERCESC-1181	1080123477
XERCESC-1186	1080922354
XERCESC-1190	1081450183
XERCESC-1193	1081937263
XERCESC-1195	1082004263
XERCESC-1197	1082013457
XERCESC-1207	1084182692
XERCESC-1210	1084375804
XERCESC-1211	1084429174
XERCESC-1213	1084521941
XERCESC-1217	1084965780
XERCESC-1219	1084985349
XERCESC-1226	1086856966
XERCESC-1228	1087172269
XERCESC-1234	1088070249
XERCESC-1236	1088509072
XERCESC-1237	1088653837
XERCESC-1238	1088740428
XERCESC-1240	1089099429
XERCESC-1248	1091749846
XERCESC-1253	1092279994
XERCESC-1257	1092963282
XERCESC-1259	1093003357
XERCESC-1264	1093418886
XERCESC-1266	1093499203
XERCESC-1267	1093616709
XERCESC-1269	1094230233
XERCESC-1277	1096261765
XERCESC-1280	1096502044
XERCESC-1281	1096512821
XERCESC-1282	1096583380
XERCESC-1283	1096866248
XERCESC-1284	1096930501
XERCESC-1286	1097561132
XERCESC-1291	1098145606
XERCESC-1292	1098256904
XERCESC-1293	1098752863
XERCESC-1298	1099662037
XERCESC-1304	1101884781
XERCESC-1307	1102312589
XERCESC-1308	1102902621
XERCESC-1311	1103129293
XERCESC-1312	1103489395
XERCESC-1314	1103661880
XERCESC-1321	1104675285
XERCESC-1328	1106240156
XERCESC-1340	1108122885
XERCESC-1342	1108389405
XERCESC-1345	1108646576
XERCESC-1348	1109011025
XERCESC-1352	1109030815
XERCESC-1363	1109963917
XERCESC-1371	1110217197
XERCESC-1375	1110552053
XERCESC-1376	1110572046
XERCESC-1384	1111018816
XERCESC-1385	1111060638
XERCESC-1389	1112134772
XERCESC-1391	1112149498
XERCESC-1393	1112369323
XERCESC-1396	1112561736
XERCESC-1401	1112817512
XERCESC-1404	1113248241
XERCESC-1406	1113456640
XERCESC-1415	1114977764
XERCESC-1416	1115269772
XERCESC-1417	1115330399
XERCESC-1423	1116680796
XERCESC-1437	1118595102
XERCESC-1441	1118705658
XERCESC-1443	1118874102
XERCESC-1445	1119120232
XERCESC-1449	1119521783
XERCESC-1463	1121737752
XERCESC-1486	1125322619
XERCESC-1487	1125334643
XERCESC-1489	1125656056
XERCESC-1492	1126120365
XERCESC-1505	1128055174
XERCESC-1512	1128959395
XERCESC-1513	1128984591
XERCESC-1515	1129159093
XERCESC-1517	1129389426
XERCESC-1520	1130526330
XERCESC-1524	1131645447
XERCESC-1533	1133802610
XERCESC-1545	1136222636
XERCESC-1546	1136558326
XERCESC-1547	1136581910
XERCESC-1548	1137461784
XERCESC-1555	1137854447
XERCESC-1560	1138982751
XERCESC-1566	1140433053
XERCESC-1568	1140633834
XERCESC-1574	1141500516
XERCESC-1579	1142107421
XERCESC-1581	1143439250
XERCESC-1583	1143469211
XERCESC-1591	1146747862
XERCESC-1592	1147333566
XERCESC-1598	1148620850
XERCESC-1626	1156250080
XERCESC-1641	1160655817
XERCESC-1652	1164715439
XERCESC-1654	1164936696
XERCESC-1655	1165218244
XERCESC-1663	1167549062
XERCESC-1664	1167867710
XERCESC-1682	1173274136
XERCESC-1693	1176171837
XERCESC-1702	1178893705
XERCESC-1718	1183264913
XERCESC-1724	1185751146
XERCESC-1740	1187693380
XERCESC-1758	1194612161
XERCESC-1761	1196895341
XERCESC-1763	1196936845
XERCESC-1767	1197608169
XERCESC-1768	1198032745
XERCESC-1773	1199489514
XERCESC-1777	1202859803
XERCESC-1782	1203037050
XERCESC-1783	1203472553
XERCESC-1790	1206173364
XERCESC-1791	1207044346
XERCESC-1795	1208134012
XERCESC-1804	1210598142
XERCESC-1806	1212452581
XERCESC-1812	1214132877
XERCESC-1813	1214359647
XERCESC-1816	1215590545
XERCESC-1817	1216036972
XERCESC-1818	1216052599
XERCESC-1819	1216188000
XERCESC-1822	1216282834
XERCESC-1823	1217501857
XERCESC-1825	1218005437
XERCESC-1827	1218582607
XERCESC-1832	1222864418
XERCESC-1834	1224671004
XERCESC-1837	1225274349
XERCESC-1841	1226398057
XERCESC-1848	1232405324
XERCESC-1854	1235295458
XERCESC-1858	1238128294
XERCESC-1867	1240795739
XERCESC-1870	1242368603
XERCESC-1871	1243291572
XERCESC-1872	1244513429
XERCESC-1882	1248942137
XERCESC-1892	1255709864
XERCESC-1911	1265880169
XERCESC-1912	1266198100
XERCESC-1913	1266314893
XERCESC-1916	1266544144
XERCESC-1918	1270026840
XERCESC-1920	1271651477
XERCESC-1926	1272946217
XERCESC-1935	1280374105
XERCESC-1947	1286507511
XERCESC-1949	1288163233
XERCESC-1951	1290960516
XERCESC-1962	1302870600
XERCESC-1966	1306530759
XERCESC-1967	1307578452
XERCESC-1986	1338778588
XERCESC-1994	1347331051
XERCESC-1998	1349930298
XERCESC-1999	1350176837
XERCESC-2000	1350179335
XERCESC-2001	1350179429
XERCESC-2004	1353737634
XERCESC-2005	1353889456
XERCESC-2006	1354765012
XERCESC-2011	1364728761
XERCESC-2017	1373065313
XERCESC-2019	1374477285
XERCESC-2020	1375080185
XERCESC-2028	1397953014
XERCESC-2031	1400806354
XERCESC-2038	1414543987
XERCESC-2045	1425575971
XERCESC-2046	1426775553
XERCESC-2049	1430511272
XERCESC-2053	1438079487
XERCESC-2061	1456382791
XERCESC-2062	1457267524
XERCESC-2075	1468374430
XERCESC-2084	1481456102
XERCESC-2088	1490130269
XERCESC-2090	1490851489
XERCESC-2100	1497185771
XERCESC-2109	1501888223
XERCESC-2114	1502175834
XERCESC-2116	1503373481
XERCESC-2119	1505263386
XERCESC-2122	1507262361
XERCESC-2123	1507757481
XERCESC-2124	1508318624
XERCESC-2137	1518667633
XERCESC-2152	1536399973
XERCESC-2172	1564373800
